Houston Rockets,Los Angeles Lakers,1
Orlando Magic,New Orleans Pelicans,-1
Dallas Mavericks,San Antonio Spurs,-1
Brooklyn Nets,Boston Celtics,-1
Milwaukee Bucks,Charlotte Hornets,-1
Detroit Pistons,Denver Nuggets,-1
Philadelphia 76ers,Indiana Pacers,-1
Minnesota Timberwolves,Memphis Grizzlies,-1
Washington Wizards,Miami Heat,-1
Chicago Bulls,New York Knicks,1
Los Angeles Lakers,Phoenix Suns,-1
Oklahoma City Thunder,Portland Trail Blazers,-1
Golden State Warriors,Sacramento Kings,1
Atlanta Hawks,Toronto Raptors,-1
Houston Rockets,Utah Jazz,1
New York Knicks,Cleveland Cavaliers,1
Utah Jazz,Dallas Mavericks,-1
Oklahoma City Thunder,Los Angeles Clippers,-1
Detroit Pistons,Minnesota Timberwolves,-1
Washington Wizards,Orlando Magic,1
Cleveland Cavaliers,Chicago Bulls,1
Memphis Grizzlies,Indiana Pacers,1
Los Angeles Clippers,Los Angeles Lakers,1
Philadelphia 76ers,Milwaukee Bucks,-1
San Antonio Spurs,Phoenix Suns,-1
Portland Trail Blazers,Sacramento Kings,-1
Indiana Pacers,Atlanta Hawks,-1
Memphis Grizzlies,Charlotte Hornets,1
Brooklyn Nets,Detroit Pistons,1
Los Angeles Lakers,Golden State Warriors,-1
Boston Celtics,Houston Rockets,-1
Chicago Bulls,Minnesota Timberwolves,1
Dallas Mavericks,New Orleans Pelicans,1
Denver Nuggets,Oklahoma City Thunder,-1
Toronto Raptors,Orlando Magic,1
Miami Heat,Philadelphia 76ers,1
Phoenix Suns,Utah Jazz,-1
Milwaukee Bucks,Washington Wizards,-1
Sacramento Kings,Los Angeles Clippers,1
Toronto Raptors,Miami Heat,-1
Charlotte Hornets,New York Knicks,-1
Golden State Warriors,Portland Trail Blazers,1
Oklahoma City Thunder,Brooklyn Nets,-1
Boston Celtics,Dallas Mavericks,-1
Sacramento Kings,Denver Nuggets,1
Utah Jazz,Los Angeles Clippers,-1
New Orleans Pelicans,Memphis Grizzlies,-1
Houston Rockets,Philadelphia 76ers,1
Orlando Magic,Chicago Bulls,-1
Milwaukee Bucks,Indiana Pacers,1
Phoenix Suns,Los Angeles Lakers,1
Houston Rockets,Miami Heat,1
Charlotte Hornets,New Orleans Pelicans,-1
Washington Wizards,New York Knicks,1
Cleveland Cavaliers,Portland Trail Blazers,-1
Oklahoma City Thunder,Toronto Raptors,-1
Toronto Raptors,Boston Celtics,1
Minnesota Timberwolves,Brooklyn Nets,1
Miami Heat,Charlotte Hornets,-1
New York Knicks,Detroit Pistons,-1
Los Angeles Clippers,Golden State Warriors,-1
Chicago Bulls,Milwaukee Bucks,1
Orlando Magic,Philadelphia 76ers,1
Memphis Grizzlies,Phoenix Suns,1
Denver Nuggets,Sacramento Kings,-1
Atlanta Hawks,San Antonio Spurs,-1
Cleveland Cavaliers,Utah Jazz,-1
Indiana Pacers,Washington Wizards,-1
San Antonio Spurs,Houston Rockets,-1
Dallas Mavericks,Portland Trail Blazers,-1
Indiana Pacers,Boston Celtics,-1
New York Knicks,Brooklyn Nets,-1
Atlanta Hawks,Charlotte Hornets,-1
Cleveland Cavaliers,Denver Nuggets,1
Milwaukee Bucks,Detroit Pistons,-1
Memphis Grizzlies,Oklahoma City Thunder,1
Minnesota Timberwolves,Orlando Magic,-1
Chicago Bulls,Philadelphia 76ers,1
Sacramento Kings,Phoenix Suns,1
Washington Wizards,Toronto Raptors,-1
Dallas Mavericks,Utah Jazz,1
New York Knicks,Atlanta Hawks,-1
Boston Celtics,Chicago Bulls,1
Golden State Warriors,Houston Rockets,1
Washington Wizards,Indiana Pacers,1
Portland Trail Blazers,Los Angeles Clippers,-1
Minnesota Timberwolves,Miami Heat,-1
Memphis Grizzlies,Milwaukee Bucks,-1
New Orleans Pelicans,San Antonio Spurs,1
Orlando Magic,Brooklyn Nets,-1
Miami Heat,Dallas Mavericks,1
Utah Jazz,Detroit Pistons,1
Charlotte Hornets,Los Angeles Lakers,-1
Sacramento Kings,Oklahoma City Thunder,-1
Golden State Warriors,Phoenix Suns,-1
Denver Nuggets,Portland Trail Blazers,-1
Philadelphia 76ers,Toronto Raptors,-1
Detroit Pistons,Chicago Bulls,-1
New Orleans Pelicans,Cleveland Cavaliers,-1
Utah Jazz,Indiana Pacers,-1
San Antonio Spurs,Los Angeles Clippers,1
Atlanta Hawks,New York Knicks,1
Sacramento Kings,Dallas Mavericks,-1
San Antonio Spurs,Golden State Warriors,1
Los Angeles Lakers,Memphis Grizzlies,-1
Oklahoma City Thunder,Milwaukee Bucks,-1
Charlotte Hornets,Portland Trail Blazers,-1
Orlando Magic,Toronto Raptors,-1
Utah Jazz,Atlanta Hawks,-1
Oklahoma City Thunder,Boston Celtics,1
Portland Trail Blazers,Denver Nuggets,1
Indiana Pacers,Miami Heat,1
Houston Rockets,Minnesota Timberwolves,1
Los Angeles Lakers,New Orleans Pelicans,-1
Orlando Magic,New York Knicks,1
Brooklyn Nets,Phoenix Suns,-1
Detroit Pistons,Washington Wizards,-1
Philadelphia 76ers,Dallas Mavericks,-1
Brooklyn Nets,Golden State Warriors,-1
Sacramento Kings,Memphis Grizzlies,-1
Chicago Bulls,Toronto Raptors,1
Miami Heat,Atlanta Hawks,-1
Cleveland Cavaliers,Boston Celtics,1
Philadelphia 76ers,Houston Rockets,-1
Denver Nuggets,Indiana Pacers,1
San Antonio Spurs,Los Angeles Lakers,1
Minnesota Timberwolves,New Orleans Pelicans,-1
Utah Jazz,New York Knicks,1
Detroit Pistons,Oklahoma City Thunder,1
Milwaukee Bucks,Orlando Magic,-1
Charlotte Hornets,Phoenix Suns,1
Indiana Pacers,Chicago Bulls,1
Atlanta Hawks,Cleveland Cavaliers,-1
Minnesota Timberwolves,Dallas Mavericks,-1
Charlotte Hornets,Golden State Warriors,-1
Phoenix Suns,Los Angeles Clippers,-1
Detroit Pistons,Memphis Grizzlies,-1
Brooklyn Nets,Portland Trail Blazers,-1
San Antonio Spurs,Sacramento Kings,-1
Utah Jazz,Toronto Raptors,-1
Orlando Magic,Washington Wizards,-1
Golden State Warriors,Los Angeles Lakers,1
Milwaukee Bucks,Miami Heat,1
Denver Nuggets,New York Knicks,-1
Houston Rockets,Oklahoma City Thunder,1
Phoenix Suns,Boston Celtics,1
Miami Heat,Brooklyn Nets,1
Dallas Mavericks,Charlotte Hornets,1
Denver Nuggets,Cleveland Cavaliers,1
Orlando Magic,Detroit Pistons,1
Chicago Bulls,Los Angeles Clippers,1
Houston Rockets,Memphis Grizzlies,-1
New Orleans Pelicans,Portland Trail Blazers,-1
Philadelphia 76ers,San Antonio Spurs,-1
Los Angeles Lakers,Atlanta Hawks,1
New York Knicks,Milwaukee Bucks,-1
New Orleans Pelicans,Sacramento Kings,1
Oklahoma City Thunder,Utah Jazz,-1
Milwaukee Bucks,Brooklyn Nets,1
San Antonio Spurs,Cleveland Cavaliers,1
Oklahoma City Thunder,Denver Nuggets,-1
Phoenix Suns,Detroit Pistons,1
Los Angeles Lakers,Houston Rockets,1
Charlotte Hornets,Indiana Pacers,-1
New York Knicks,Minnesota Timberwolves,-1
Los Angeles Clippers,Orlando Magic,1
Boston Celtics,Philadelphia 76ers,1
Memphis Grizzlies,Toronto Raptors,-1
Dallas Mavericks,Washington Wizards,1
Los Angeles Clippers,Miami Heat,1
Chicago Bulls,Sacramento Kings,-1
Detroit Pistons,Atlanta Hawks,-1
Orlando Magic,Charlotte Hornets,1
Los Angeles Lakers,Dallas Mavericks,-1
New Orleans Pelicans,Denver Nuggets,-1
Utah Jazz,Golden State Warriors,-1
Boston Celtics,Memphis Grizzlies,-1
San Antonio Spurs,Minnesota Timberwolves,1
Brooklyn Nets,Oklahoma City Thunder,1
Phoenix Suns,Philadelphia 76ers,1
Chicago Bulls,Portland Trail Blazers,-1
Milwaukee Bucks,Toronto Raptors,-1
Cleveland Cavaliers,Washington Wizards,-1
Toronto Raptors,Cleveland Cavaliers,1
Dallas Mavericks,Houston Rockets,-1
Phoenix Suns,Indiana Pacers,1
Washington Wizards,Milwaukee Bucks,1
Sacramento Kings,Minnesota Timberwolves,1
Philadelphia 76ers,New York Knicks,-1
Miami Heat,Orlando Magic,1
Brooklyn Nets,San Antonio Spurs,-1
New Orleans Pelicans,Utah Jazz,1
Portland Trail Blazers,Boston Celtics,1
Denver Nuggets,Los Angeles Lakers,1
Los Angeles Clippers,Memphis Grizzlies,-1
Charlotte Hornets,Miami Heat,-1
Golden State Warriors,Oklahoma City Thunder,1
Los Angeles Clippers,Charlotte Hornets,1
Orlando Magic,Cleveland Cavaliers,-1
Indiana Pacers,Dallas Mavericks,1
New York Knicks,Houston Rockets,-1
Portland Trail Blazers,Philadelphia 76ers,1
Phoenix Suns,Toronto Raptors,-1
Chicago Bulls,Utah Jazz,1
Chicago Bulls,Denver Nuggets,-1
Golden State Warriors,Miami Heat,1
Detroit Pistons,Milwaukee Bucks,-1
Sacramento Kings,New Orleans Pelicans,1
Atlanta Hawks,Washington Wizards,1
Toronto Raptors,Atlanta Hawks,1
Portland Trail Blazers,Charlotte Hornets,1
Washington Wizards,Cleveland Cavaliers,-1
New York Knicks,Dallas Mavericks,-1
Los Angeles Clippers,Detroit Pistons,1
Sacramento Kings,Houston Rockets,-1
Memphis Grizzlies,Los Angeles Lakers,1
Milwaukee Bucks,Minnesota Timberwolves,1
Utah Jazz,Oklahoma City Thunder,-1
Golden State Warriors,Orlando Magic,1
Brooklyn Nets,Philadelphia 76ers,1
Denver Nuggets,Phoenix Suns,-1
Indiana Pacers,San Antonio Spurs,-1
New Orleans Pelicans,Atlanta Hawks,-1
Chicago Bulls,Boston Celtics,1
Golden State Warriors,Charlotte Hornets,1
Phoenix Suns,Denver Nuggets,-1
Milwaukee Bucks,Detroit Pistons,1
Los Angeles Clippers,Houston Rockets,1
Orlando Magic,Indiana Pacers,-1
Minnesota Timberwolves,Los Angeles Lakers,1
New York Knicks,Oklahoma City Thunder,-1
Memphis Grizzlies,Portland Trail Blazers,1
Sacramento Kings,San Antonio Spurs,-1
Dallas Mavericks,Toronto Raptors,1
Charlotte Hornets,Atlanta Hawks,-1
Indiana Pacers,Cleveland Cavaliers,-1
Houston Rockets,Milwaukee Bucks,1
Dallas Mavericks,Philadelphia 76ers,1
Los Angeles Clippers,Utah Jazz,1
New Orleans Pelicans,Washington Wizards,-1
San Antonio Spurs,Boston Celtics,1
Chicago Bulls,Brooklyn Nets,1
Golden State Warriors,Detroit Pistons,1
Toronto Raptors,Los Angeles Lakers,-1
Miami Heat,New York Knicks,1
Orlando Magic,Phoenix Suns,1
Minnesota Timberwolves,Portland Trail Blazers,-1
Memphis Grizzlies,Sacramento Kings,1
Minnesota Timberwolves,Los Angeles Clippers,-1
San Antonio Spurs,Philadelphia 76ers,1
Denver Nuggets,Utah Jazz,1
Miami Heat,Washington Wizards,-1
Boston Celtics,Atlanta Hawks,-1
Dallas Mavericks,Chicago Bulls,1
Milwaukee Bucks,Cleveland Cavaliers,-1
Portland Trail Blazers,Denver Nuggets,1
Los Angeles Lakers,Detroit Pistons,1
Orlando Magic,Golden State Warriors,-1
Oklahoma City Thunder,New Orleans Pelicans,-1
Brooklyn Nets,New York Knicks,1
Indiana Pacers,Phoenix Suns,-1
Toronto Raptors,Sacramento Kings,1
Detroit Pistons,Boston Celtics,-1
San Antonio Spurs,Brooklyn Nets,-1
Chicago Bulls,Charlotte Hornets,1
Memphis Grizzlies,Houston Rockets,-1
Orlando Magic,Los Angeles Clippers,-1
Atlanta Hawks,Miami Heat,1
Dallas Mavericks,Milwaukee Bucks,1
Philadelphia 76ers,Minnesota Timberwolves,1
Toronto Raptors,Utah Jazz,1
Los Angeles Lakers,Washington Wizards,-1
New Orleans Pelicans,Golden State Warriors,-1
Cleveland Cavaliers,New York Knicks,1
Indiana Pacers,Portland Trail Blazers,-1
Los Angeles Lakers,Boston Celtics,-1
Atlanta Hawks,Brooklyn Nets,1
New York Knicks,Charlotte Hornets,-1
Phoenix Suns,Dallas Mavericks,1
San Antonio Spurs,Memphis Grizzlies,1
Miami Heat,Milwaukee Bucks,-1
Houston Rockets,Minnesota Timberwolves,1
Oklahoma City Thunder,Philadelphia 76ers,1
Indiana Pacers,Sacramento Kings,-1
Cleveland Cavaliers,Toronto Raptors,1
Orlando Magic,Utah Jazz,1
Denver Nuggets,Washington Wizards,-1
Golden State Warriors,Chicago Bulls,1
Philadelphia 76ers,Detroit Pistons,1
Phoenix Suns,Houston Rockets,-1
New Orleans Pelicans,Los Angeles Clippers,-1
Orlando Magic,Sacramento Kings,1
Minnesota Timberwolves,San Antonio Spurs,-1
Denver Nuggets,Atlanta Hawks,-1
Washington Wizards,Boston Celtics,-1
Milwaukee Bucks,Dallas Mavericks,-1
Oklahoma City Thunder,Detroit Pistons,1
New Orleans Pelicans,Los Angeles Lakers,1
Miami Heat,Memphis Grizzlies,-1
Portland Trail Blazers,New York Knicks,1
Cleveland Cavaliers,Brooklyn Nets,1
Atlanta Hawks,Indiana Pacers,1
Phoenix Suns,Los Angeles Clippers,-1
Golden State Warriors,Minnesota Timberwolves,1
Utah Jazz,Sacramento Kings,-1
Denver Nuggets,Toronto Raptors,-1
Boston Celtics,Washington Wizards,-1
Toronto Raptors,Cleveland Cavaliers,-1
Portland Trail Blazers,Detroit Pistons,1
Sacramento Kings,Los Angeles Lakers,-1
Dallas Mavericks,Memphis Grizzlies,-1
New York Knicks,New Orleans Pelicans,-1
Milwaukee Bucks,Oklahoma City Thunder,-1
Miami Heat,Phoenix Suns,1
San Antonio Spurs,Utah Jazz,-1
Philadelphia 76ers,Atlanta Hawks,-1
Brooklyn Nets,Chicago Bulls,-1
Boston Celtics,Charlotte Hornets,-1
New Orleans Pelicans,Dallas Mavericks,-1
Miami Heat,Denver Nuggets,-1
Houston Rockets,Golden State Warriors,-1
Los Angeles Clippers,Indiana Pacers,1
Portland Trail Blazers,Minnesota Timberwolves,-1
Washington Wizards,Orlando Magic,1
New York Knicks,San Antonio Spurs,-1
Cleveland Cavaliers,Oklahoma City Thunder,-1
Houston Rockets,Sacramento Kings,1
Orlando Magic,Atlanta Hawks,-1
New York Knicks,Boston Celtics,1
Philadelphia 76ers,Brooklyn Nets,-1
Portland Trail Blazers,Chicago Bulls,-1
Charlotte Hornets,Memphis Grizzlies,-1
Oklahoma City Thunder,Minnesota Timberwolves,1
Cleveland Cavaliers,New Orleans Pelicans,-1
Detroit Pistons,Phoenix Suns,1
Los Angeles Lakers,San Antonio Spurs,1
Indiana Pacers,Toronto Raptors,-1
Miami Heat,Utah Jazz,1
Los Angeles Clippers,Washington Wizards,-1
Brooklyn Nets,Charlotte Hornets,1
Golden State Warriors,Dallas Mavericks,1
Denver Nuggets,Houston Rockets,-1
Portland Trail Blazers,Indiana Pacers,1
Los Angeles Clippers,Milwaukee Bucks,-1
Atlanta Hawks,Orlando Magic,-1
Memphis Grizzlies,Philadelphia 76ers,1
Detroit Pistons,Sacramento Kings,1
San Antonio Spurs,Denver Nuggets,1
Chicago Bulls,Miami Heat,1
Los Angeles Lakers,Minnesota Timberwolves,1
Golden State Warriors,New Orleans Pelicans,1
Toronto Raptors,New York Knicks,1
Phoenix Suns,Oklahoma City Thunder,-1
Utah Jazz,Washington Wizards,-1
Chicago Bulls,Atlanta Hawks,-1
Charlotte Hornets,Cleveland Cavaliers,-1
Los Angeles Lakers,Indiana Pacers,-1
Detroit Pistons,Los Angeles Clippers,-1
Boston Celtics,Philadelphia 76ers,1
Milwaukee Bucks,Phoenix Suns,1
San Antonio Spurs,Portland Trail Blazers,-1
Orlando Magic,Toronto Raptors,-1
Miami Heat,Brooklyn Nets,1
Golden State Warriors,Memphis Grizzlies,-1
Utah Jazz,New Orleans Pelicans,-1
Dallas Mavericks,New York Knicks,1
Oklahoma City Thunder,Sacramento Kings,1
Minnesota Timberwolves,Washington Wizards,-1
Orlando Magic,Boston Celtics,-1
Phoenix Suns,Charlotte Hornets,1
Atlanta Hawks,Cleveland Cavaliers,1
Houston Rockets,Denver Nuggets,1
Dallas Mavericks,Detroit Pistons,1
Indiana Pacers,Los Angeles Clippers,-1
Utah Jazz,Miami Heat,1
Milwaukee Bucks,Portland Trail Blazers,-1
Memphis Grizzlies,San Antonio Spurs,1
Brooklyn Nets,Toronto Raptors,-1
New York Knicks,Chicago Bulls,-1
Oklahoma City Thunder,Golden State Warriors,-1
New Orleans Pelicans,Houston Rockets,1
Milwaukee Bucks,Sacramento Kings,1
Minnesota Timberwolves,Boston Celtics,-1
Brooklyn Nets,Cleveland Cavaliers,-1
Los Angeles Clippers,Denver Nuggets,-1
Toronto Raptors,Detroit Pistons,1
Oklahoma City Thunder,Los Angeles Lakers,1
Chicago Bulls,Memphis Grizzlies,1
Washington Wizards,Miami Heat,1
Utah Jazz,Orlando Magic,1
Charlotte Hornets,Philadelphia 76ers,1
Portland Trail Blazers,San Antonio Spurs,1
Utah Jazz,Charlotte Hornets,-1
San Antonio Spurs,Dallas Mavericks,-1
Indiana Pacers,Denver Nuggets,-1
Atlanta Hawks,Houston Rockets,1
Milwaukee Bucks,Los Angeles Clippers,-1
Portland Trail Blazers,New Orleans Pelicans,1
Phoenix Suns,New York Knicks,1
Detroit Pistons,Brooklyn Nets,-1
Memphis Grizzlies,Cleveland Cavaliers,-1
Boston Celtics,Miami Heat,-1
Indiana Pacers,Minnesota Timberwolves,1
New Orleans Pelicans,Oklahoma City Thunder,1
Philadelphia 76ers,Orlando Magic,1
Los Angeles Lakers,Sacramento Kings,-1
New York Knicks,Toronto Raptors,-1
Phoenix Suns,Washington Wizards,1
Toronto Raptors,Chicago Bulls,-1
Denver Nuggets,Charlotte Hornets,-1
Atlanta Hawks,Dallas Mavericks,1
Sacramento Kings,Golden State Warriors,-1
Portland Trail Blazers,Houston Rockets,-1
Utah Jazz,Memphis Grizzlies,1
Los Angeles Clippers,San Antonio Spurs,-1
Los Angeles Clippers,Atlanta Hawks,-1
Denver Nuggets,Brooklyn Nets,-1
Minnesota Timberwolves,Cleveland Cavaliers,-1
New Orleans Pelicans,Indiana Pacers,-1
Golden State Warriors,Los Angeles Lakers,-1
Philadelphia 76ers,Miami Heat,1
Charlotte Hornets,Milwaukee Bucks,1
Portland Trail Blazers,Oklahoma City Thunder,1
Boston Celtics,Orlando Magic,-1
Dallas Mavericks,Phoenix Suns,-1
Chicago Bulls,Washington Wizards,1
Los Angeles Lakers,Chicago Bulls,-1
Golden State Warriors,Los Angeles Clippers,-1
Cleveland Cavaliers,Miami Heat,-1
Washington Wizards,New York Knicks,1
Oklahoma City Thunder,San Antonio Spurs,1
Milwaukee Bucks,Atlanta Hawks,1
Brooklyn Nets,Boston Celtics,1
Los Angeles Lakers,Dallas Mavericks,-1
Minnesota Timberwolves,Denver Nuggets,-1
Indiana Pacers,Detroit Pistons,-1
Houston Rockets,Memphis Grizzlies,1
San Antonio Spurs,New Orleans Pelicans,-1
Charlotte Hornets,Oklahoma City Thunder,-1
Cleveland Cavaliers,Orlando Magic,1
Philadelphia 76ers,Portland Trail Blazers,-1
Phoenix Suns,Sacramento Kings,1
Indiana Pacers,Brooklyn Nets,1
New Orleans Pelicans,Chicago Bulls,-1
Orlando Magic,Charlotte Hornets,1
Minnesota Timberwolves,Golden State Warriors,-1
Toronto Raptors,Los Angeles Clippers,1
Memphis Grizzlies,Miami Heat,1
Atlanta Hawks,Milwaukee Bucks,1
New York Knicks,Sacramento Kings,-1
Philadelphia 76ers,Utah Jazz,-1
Boston Celtics,Washington Wizards,-1
Detroit Pistons,Cleveland Cavaliers,1
Oklahoma City Thunder,Dallas Mavericks,-1
Toronto Raptors,Denver Nuggets,1
Phoenix Suns,Los Angeles Lakers,1
New York Knicks,Portland Trail Blazers,-1
Houston Rockets,San Antonio Spurs,-1
Sacramento Kings,Brooklyn Nets,-1
Milwaukee Bucks,Charlotte Hornets,1
Washington Wizards,Houston Rockets,1
Chicago Bulls,Indiana Pacers,1
Utah Jazz,Los Angeles Clippers,-1
Orlando Magic,Miami Heat,1
Cleveland Cavaliers,Atlanta Hawks,-1
Brooklyn Nets,Chicago Bulls,1
Washington Wizards,Dallas Mavericks,-1
Los Angeles Lakers,Denver Nuggets,1
Philadelphia 76ers,Golden State Warriors,-1
San Antonio Spurs,Memphis Grizzlies,-1
Phoenix Suns,New Orleans Pelicans,-1
Detroit Pistons,Orlando Magic,1
Toronto Raptors,Portland Trail Blazers,-1
Minnesota Timberwolves,Utah Jazz,-1
Sacramento Kings,Boston Celtics,-1
Milwaukee Bucks,Cleveland Cavaliers,1
Charlotte Hornets,Houston Rockets,-1
Miami Heat,Indiana Pacers,-1
New York Knicks,Los Angeles Clippers,-1
Phoenix Suns,Oklahoma City Thunder,-1
New Orleans Pelicans,San Antonio Spurs,-1
Denver Nuggets,Chicago Bulls,-1
Sacramento Kings,Minnesota Timberwolves,1
Dallas Mavericks,Boston Celtics,1
Cleveland Cavaliers,Charlotte Hornets,1
Toronto Raptors,Golden State Warriors,-1
Memphis Grizzlies,Los Angeles Lakers,1
Indiana Pacers,Milwaukee Bucks,1
Houston Rockets,New Orleans Pelicans,-1
Detroit Pistons,New York Knicks,1
Washington Wizards,Oklahoma City Thunder,-1
Brooklyn Nets,Orlando Magic,1
Philadelphia 76ers,Phoenix Suns,-1
Atlanta Hawks,Utah Jazz,1
Boston Celtics,Chicago Bulls,-1
Memphis Grizzlies,Denver Nuggets,-1
Miami Heat,Houston Rockets,-1
Philadelphia 76ers,Los Angeles Clippers,-1
Utah Jazz,Minnesota Timberwolves,1
Charlotte Hornets,Orlando Magic,1
Atlanta Hawks,Portland Trail Blazers,1
Washington Wizards,San Antonio Spurs,-1
Dallas Mavericks,Cleveland Cavaliers,1
Sacramento Kings,Detroit Pistons,-1
Indiana Pacers,Los Angeles Lakers,-1
Brooklyn Nets,Miami Heat,-1
Milwaukee Bucks,New York Knicks,1
Toronto Raptors,Phoenix Suns,-1
Charlotte Hornets,Boston Celtics,1
Dallas Mavericks,Brooklyn Nets,1
Houston Rockets,Chicago Bulls,-1
Oklahoma City Thunder,Golden State Warriors,-1
Atlanta Hawks,Los Angeles Clippers,1
New York Knicks,Memphis Grizzlies,-1
Denver Nuggets,Minnesota Timberwolves,1
Washington Wizards,New Orleans Pelicans,1
Cleveland Cavaliers,Philadelphia 76ers,-1
Los Angeles Lakers,Portland Trail Blazers,-1
Indiana Pacers,Utah Jazz,1
Phoenix Suns,Milwaukee Bucks,1
Detroit Pistons,San Antonio Spurs,1
Memphis Grizzlies,Atlanta Hawks,-1
Boston Celtics,Brooklyn Nets,1
Utah Jazz,Chicago Bulls,1
New Orleans Pelicans,Charlotte Hornets,-1
Houston Rockets,Cleveland Cavaliers,1
Detroit Pistons,Dallas Mavericks,1
Orlando Magic,Denver Nuggets,-1
Indiana Pacers,Golden State Warriors,-1
Los Angeles Lakers,Los Angeles Clippers,-1
Phoenix Suns,Minnesota Timberwolves,1
Milwaukee Bucks,Philadelphia 76ers,1
Oklahoma City Thunder,Sacramento Kings,-1
New York Knicks,Washington Wizards,-1
Houston Rockets,New York Knicks,1
Miami Heat,Portland Trail Blazers,-1
Charlotte Hornets,Toronto Raptors,1
Philadelphia 76ers,Brooklyn Nets,1
Atlanta Hawks,Detroit Pistons,1
Cleveland Cavaliers,Golden State Warriors,-1
Boston Celtics,Indiana Pacers,-1
Orlando Magic,Los Angeles Lakers,-1
Minnesota Timberwolves,Milwaukee Bucks,-1
Memphis Grizzlies,New Orleans Pelicans,-1
Utah Jazz,Oklahoma City Thunder,-1
Denver Nuggets,Sacramento Kings,1
Phoenix Suns,San Antonio Spurs,-1
Chicago Bulls,Washington Wizards,-1
Milwaukee Bucks,Chicago Bulls,-1
Brooklyn Nets,Detroit Pistons,-1
Utah Jazz,Houston Rockets,-1
Dallas Mavericks,Los Angeles Clippers,-1
San Antonio Spurs,Minnesota Timberwolves,1
Charlotte Hornets,New York Knicks,1
Indiana Pacers,Philadelphia 76ers,-1
Orlando Magic,Portland Trail Blazers,-1
Boston Celtics,Toronto Raptors,-1
Washington Wizards,Atlanta Hawks,-1
Miami Heat,Los Angeles Clippers,1
Portland Trail Blazers,Los Angeles Lakers,1
Phoenix Suns,Memphis Grizzlies,-1
Cleveland Cavaliers,Sacramento Kings,-1
New Orleans Pelicans,Boston Celtics,-1
Houston Rockets,Brooklyn Nets,1
Orlando Magic,Chicago Bulls,1
Detroit Pistons,Toronto Raptors,1
Minnesota Timberwolves,Indiana Pacers,1
Miami Heat,Los Angeles Lakers,1
Atlanta Hawks,Philadelphia 76ers,1
Cleveland Cavaliers,Phoenix Suns,-1
Dallas Mavericks,Sacramento Kings,1
Golden State Warriors,Utah Jazz,1
San Antonio Spurs,Washington Wizards,-1
Atlanta Hawks,Boston Celtics,1
Memphis Grizzlies,Brooklyn Nets,1
Washington Wizards,Chicago Bulls,1
San Antonio Spurs,Charlotte Hornets,1
Dallas Mavericks,Denver Nuggets,-1
New Orleans Pelicans,Detroit Pistons,1
Miami Heat,Golden State Warriors,-1
Houston Rockets,Orlando Magic,-1
Los Angeles Clippers,Portland Trail Blazers,1
Philadelphia 76ers,Toronto Raptors,-1
Oklahoma City Thunder,Houston Rockets,-1
Cleveland Cavaliers,Los Angeles Lakers,1
New York Knicks,Milwaukee Bucks,-1
Chicago Bulls,Boston Celtics,1
Denver Nuggets,Dallas Mavericks,-1
Detroit Pistons,Indiana Pacers,1
Cleveland Cavaliers,Los Angeles Clippers,1
Golden State Warriors,Oklahoma City Thunder,-1
Memphis Grizzlies,Orlando Magic,1
New Orleans Pelicans,Philadelphia 76ers,-1
Minnesota Timberwolves,Phoenix Suns,-1
Miami Heat,Sacramento Kings,1
Portland Trail Blazers,San Antonio Spurs,-1
Atlanta Hawks,Toronto Raptors,1
Los Angeles Lakers,Utah Jazz,-1
Brooklyn Nets,Washington Wizards,1
Washington Wizards,Brooklyn Nets,1
Atlanta Hawks,Chicago Bulls,1
Indiana Pacers,Charlotte Hornets,-1
Minnesota Timberwolves,Denver Nuggets,1
Philadelphia 76ers,Detroit Pistons,-1
Golden State Warriors,Houston Rockets,1
Portland Trail Blazers,Memphis Grizzlies,-1
Los Angeles Clippers,Sacramento Kings,1
Oklahoma City Thunder,Orlando Magic,1
Utah Jazz,San Antonio Spurs,-1
New Orleans Pelicans,Toronto Raptors,1
Detroit Pistons,Atlanta Hawks,-1
Minnesota Timberwolves,Charlotte Hornets,-1
Chicago Bulls,Cleveland Cavaliers,-1
Denver Nuggets,Golden State Warriors,-1
Indiana Pacers,Houston Rockets,-1
Boston Celtics,Los Angeles Clippers,-1
Dallas Mavericks,Memphis Grizzlies,1
Toronto Raptors,Milwaukee Bucks,1
New Orleans Pelicans,New York Knicks,-1
Los Angeles Lakers,Phoenix Suns,-1
Sacramento Kings,Portland Trail Blazers,-1
Philadelphia 76ers,Washington Wizards,-1
San Antonio Spurs,Denver Nuggets,1
Oklahoma City Thunder,Miami Heat,1
Indiana Pacers,Atlanta Hawks,-1
Miami Heat,Charlotte Hornets,-1
Utah Jazz,Cleveland Cavaliers,-1
Orlando Magic,Detroit Pistons,-1
Houston Rockets,Golden State Warriors,-1
Toronto Raptors,Memphis Grizzlies,-1
Dallas Mavericks,Minnesota Timberwolves,1
Los Angeles Lakers,New Orleans Pelicans,-1
New York Knicks,Philadelphia 76ers,1
Portland Trail Blazers,Phoenix Suns,-1
Brooklyn Nets,Sacramento Kings,1
Oklahoma City Thunder,Washington Wizards,1
San Antonio Spurs,Chicago Bulls,-1
Brooklyn Nets,Los Angeles Clippers,-1
Utah Jazz,Milwaukee Bucks,1
Boston Celtics,Portland Trail Blazers,1
Oklahoma City Thunder,Atlanta Hawks,-1
Charlotte Hornets,Cleveland Cavaliers,-1
Chicago Bulls,Dallas Mavericks,1
Boston Celtics,Denver Nuggets,1
Sacramento Kings,Golden State Warriors,-1
Indiana Pacers,Miami Heat,-1
New Orleans Pelicans,Minnesota Timberwolves,1
Orlando Magic,New York Knicks,-1
Toronto Raptors,Philadelphia 76ers,1
Houston Rockets,Phoenix Suns,1
Los Angeles Lakers,San Antonio Spurs,-1
New York Knicks,Charlotte Hornets,-1
Philadelphia 76ers,Memphis Grizzlies,-1
Detroit Pistons,Milwaukee Bucks,-1
Washington Wizards,Portland Trail Blazers,-1
Brooklyn Nets,Utah Jazz,-1
Minnesota Timberwolves,Atlanta Hawks,-1
Miami Heat,Chicago Bulls,1
Oklahoma City Thunder,Cleveland Cavaliers,-1
Washington Wizards,Denver Nuggets,1
Boston Celtics,Golden State Warriors,-1
Houston Rockets,Los Angeles Lakers,1
Dallas Mavericks,New Orleans Pelicans,-1
Indiana Pacers,Orlando Magic,1
Los Angeles Clippers,Phoenix Suns,1
Milwaukee Bucks,San Antonio Spurs,-1
Detroit Pistons,Toronto Raptors,-1
Denver Nuggets,Los Angeles Clippers,-1
Orlando Magic,Memphis Grizzlies,-1
Philadelphia 76ers,New Orleans Pelicans,-1
Minnesota Timberwolves,Oklahoma City Thunder,-1
Boston Celtics,Utah Jazz,1
Memphis Grizzlies,Dallas Mavericks,1
Cleveland Cavaliers,Detroit Pistons,1
Chicago Bulls,Golden State Warriors,1
Toronto Raptors,Indiana Pacers,1
Washington Wizards,Los Angeles Lakers,1
Milwaukee Bucks,Miami Heat,1
Brooklyn Nets,Atlanta Hawks,-1
Portland Trail Blazers,Cleveland Cavaliers,-1
Dallas Mavericks,Houston Rockets,-1
Boston Celtics,Minnesota Timberwolves,-1
Denver Nuggets,New Orleans Pelicans,1
Oklahoma City Thunder,New York Knicks,-1
Detroit Pistons,Philadelphia 76ers,-1
Washington Wizards,Phoenix Suns,-1
Charlotte Hornets,San Antonio Spurs,-1
Sacramento Kings,Toronto Raptors,-1
Los Angeles Clippers,Utah Jazz,1
New York Knicks,Indiana Pacers,-1
Chicago Bulls,Los Angeles Lakers,-1
Denver Nuggets,Memphis Grizzlies,-1
Milwaukee Bucks,Orlando Magic,1
Portland Trail Blazers,Atlanta Hawks,-1
Houston Rockets,Boston Celtics,1
Toronto Raptors,Brooklyn Nets,1
Sacramento Kings,Cleveland Cavaliers,-1
Dallas Mavericks,Miami Heat,1
Los Angeles Clippers,New Orleans Pelicans,-1
Minnesota Timberwolves,Philadelphia 76ers,-1
Chicago Bulls,Phoenix Suns,-1
Golden State Warriors,Utah Jazz,-1
Philadelphia 76ers,Atlanta Hawks,-1
Charlotte Hornets,Denver Nuggets,1
Houston Rockets,Detroit Pistons,-1
Phoenix Suns,Golden State Warriors,-1
Sacramento Kings,Indiana Pacers,1
Oklahoma City Thunder,Memphis Grizzlies,-1
Portland Trail Blazers,Milwaukee Bucks,-1
Cleveland Cavaliers,Minnesota Timberwolves,1
Dallas Mavericks,Orlando Magic,1
Los Angeles Clippers,San Antonio Spurs,1
Toronto Raptors,Washington Wizards,1
Miami Heat,Boston Celtics,1
Los Angeles Lakers,New York Knicks,-1
Los Angeles Clippers,Brooklyn Nets,-1
Philadelphia 76ers,Cleveland Cavaliers,-1
Minnesota Timberwolves,Dallas Mavericks,-1
Atlanta Hawks,New Orleans Pelicans,-1
Orlando Magic,Oklahoma City Thunder,-1
Memphis Grizzlies,Phoenix Suns,1
Milwaukee Bucks,Toronto Raptors,1
Charlotte Hornets,Washington Wizards,1
Miami Heat,Detroit Pistons,-1
Boston Celtics,New York Knicks,1
Denver Nuggets,Philadelphia 76ers,-1
Utah Jazz,Portland Trail Blazers,-1
Golden State Warriors,Sacramento Kings,1
Washington Wizards,Atlanta Hawks,-1
Denver Nuggets,Boston Celtics,-1
Dallas Mavericks,Golden State Warriors,-1
Chicago Bulls,Houston Rockets,-1
Detroit Pistons,Indiana Pacers,-1
Los Angeles Lakers,Milwaukee Bucks,-1
Miami Heat,Minnesota Timberwolves,-1
Oklahoma City Thunder,New Orleans Pelicans,1
Orlando Magic,San Antonio Spurs,-1
Brooklyn Nets,Toronto Raptors,1
Memphis Grizzlies,Utah Jazz,1
Washington Wizards,Charlotte Hornets,-1
Los Angeles Clippers,Cleveland Cavaliers,-1
Phoenix Suns,Portland Trail Blazers,-1
Dallas Mavericks,Sacramento Kings,1
Golden State Warriors,Atlanta Hawks,-1
Philadelphia 76ers,Boston Celtics,-1
New York Knicks,Brooklyn Nets,-1
Denver Nuggets,Detroit Pistons,-1
Milwaukee Bucks,Houston Rockets,-1
Cleveland Cavaliers,Indiana Pacers,-1
Memphis Grizzlies,Minnesota Timberwolves,-1
New Orleans Pelicans,Oklahoma City Thunder,1
Los Angeles Lakers,Orlando Magic,-1
Utah Jazz,Phoenix Suns,-1
Miami Heat,San Antonio Spurs,-1
Los Angeles Clippers,Toronto Raptors,-1
Portland Trail Blazers,Dallas Mavericks,-1
Boston Celtics,Milwaukee Bucks,-1
Chicago Bulls,New Orleans Pelicans,1
Golden State Warriors,New York Knicks,1
Charlotte Hornets,Philadelphia 76ers,-1
Sacramento Kings,Utah Jazz,-1
Brooklyn Nets,Washington Wizards,-1
Indiana Pacers,Charlotte Hornets,1
Los Angeles Lakers,Cleveland Cavaliers,-1
Minnesota Timberwolves,Detroit Pistons,1
Portland Trail Blazers,Houston Rockets,1
Atlanta Hawks,Memphis Grizzlies,-1
Los Angeles Clippers,Oklahoma City Thunder,-1
Chicago Bulls,Orlando Magic,1
Phoenix Suns,Sacramento Kings,-1
San Antonio Spurs,Toronto Raptors,-1
Los Angeles Clippers,Dallas Mavericks,1
Oklahoma City Thunder,Denver Nuggets,1
San Antonio Spurs,Indiana Pacers,1
New York Knicks,Miami Heat,-1
Brooklyn Nets,Milwaukee Bucks,-1
Atlanta Hawks,Minnesota Timberwolves,1
Utah Jazz,New Orleans Pelicans,1
Golden State Warriors,Philadelphia 76ers,1
Orlando Magic,Washington Wizards,-1
Sacramento Kings,Chicago Bulls,-1
Detroit Pistons,Charlotte Hornets,1
Denver Nuggets,Los Angeles Lakers,1
Brooklyn Nets,Memphis Grizzlies,-1
Houston Rockets,Phoenix Suns,1
Atlanta Hawks,Boston Celtics,-1
Miami Heat,Cleveland Cavaliers,-1
Utah Jazz,Dallas Mavericks,-1
San Antonio Spurs,Detroit Pistons,1
Houston Rockets,Los Angeles Clippers,-1
Sacramento Kings,Milwaukee Bucks,-1
Golden State Warriors,Minnesota Timberwolves,1
Indiana Pacers,New Orleans Pelicans,1
Memphis Grizzlies,Oklahoma City Thunder,-1
New York Knicks,Orlando Magic,-1
Los Angeles Lakers,Portland Trail Blazers,-1
Washington Wizards,Toronto Raptors,-1
Cleveland Cavaliers,Chicago Bulls,-1
San Antonio Spurs,Los Angeles Clippers,-1
Dallas Mavericks,Oklahoma City Thunder,-1
Toronto Raptors,Atlanta Hawks,1
Houston Rockets,Dallas Mavericks,-1
Chicago Bulls,Detroit Pistons,-1
San Antonio Spurs,Golden State Warriors,-1
Brooklyn Nets,Los Angeles Lakers,1
Denver Nuggets,Milwaukee Bucks,-1
Phoenix Suns,Minnesota Timberwolves,-1
Miami Heat,New York Knicks,1
New Orleans Pelicans,Orlando Magic,-1
Indiana Pacers,Philadelphia 76ers,1
Boston Celtics,Sacramento Kings,-1
Portland Trail Blazers,Utah Jazz,-1
Cleveland Cavaliers,Washington Wizards,1
Phoenix Suns,Chicago Bulls,-1
Oklahoma City Thunder,Charlotte Hornets,1
Toronto Raptors,Houston Rockets,-1
Sacramento Kings,Los Angeles Clippers,-1
New Orleans Pelicans,Miami Heat,1
Charlotte Hornets,Dallas Mavericks,-1
Washington Wizards,Detroit Pistons,-1
Golden State Warriors,Indiana Pacers,-1
Boston Celtics,Los Angeles Lakers,-1
Atlanta Hawks,Milwaukee Bucks,1
Cleveland Cavaliers,New York Knicks,1
Denver Nuggets,Oklahoma City Thunder,-1
Philadelphia 76ers,Orlando Magic,-1
Memphis Grizzlies,Portland Trail Blazers,1
Milwaukee Bucks,Chicago Bulls,-1
Brooklyn Nets,Denver Nuggets,1
Minnesota Timberwolves,Houston Rockets,-1
Memphis Grizzlies,Los Angeles Clippers,1
Philadelphia 76ers,Miami Heat,-1
Toronto Raptors,New Orleans Pelicans,-1
Boston Celtics,Phoenix Suns,1
San Antonio Spurs,Utah Jazz,-1
Toronto Raptors,Dallas Mavericks,-1
Cleveland Cavaliers,Detroit Pistons,1
Indiana Pacers,Oklahoma City Thunder,-1
Golden State Warriors,Washington Wizards,1
Dallas Mavericks,Atlanta Hawks,-1
New York Knicks,Boston Celtics,-1
Charlotte Hornets,Chicago Bulls,1
Phoenix Suns,Denver Nuggets,1
Los Angeles Clippers,Houston Rockets,-1
Philadelphia 76ers,Milwaukee Bucks,-1
Washington Wizards,Minnesota Timberwolves,-1
Brooklyn Nets,New Orleans Pelicans,-1
Miami Heat,Orlando Magic,1
San Antonio Spurs,Portland Trail Blazers,-1
Memphis Grizzlies,Sacramento Kings,-1
Los Angeles Lakers,Utah Jazz,1
Golden State Warriors,Cleveland Cavaliers,-1
Oklahoma City Thunder,Phoenix Suns,-1
Orlando Magic,Atlanta Hawks,-1
Charlotte Hornets,Boston Celtics,-1
Minnesota Timberwolves,Chicago Bulls,-1
Utah Jazz,Denver Nuggets,1
New York Knicks,Detroit Pistons,1
Brooklyn Nets,Houston Rockets,-1
Cleveland Cavaliers,Indiana Pacers,-1
Milwaukee Bucks,Los Angeles Lakers,-1
Los Angeles Clippers,Memphis Grizzlies,1
Miami Heat,New Orleans Pelicans,-1
Washington Wizards,Philadelphia 76ers,-1
Oklahoma City Thunder,Portland Trail Blazers,-1
San Antonio Spurs,Sacramento Kings,1
Golden State Warriors,Toronto Raptors,1
Brooklyn Nets,Dallas Mavericks,1
Atlanta Hawks,Miami Heat,1
Memphis Grizzlies,Minnesota Timberwolves,1
Toronto Raptors,New York Knicks,-1
San Antonio Spurs,Phoenix Suns,1
Milwaukee Bucks,Utah Jazz,-1
Detroit Pistons,Washington Wizards,-1
Golden State Warriors,Boston Celtics,1
Los Angeles Clippers,Chicago Bulls,1
New Orleans Pelicans,Denver Nuggets,1
Cleveland Cavaliers,Houston Rockets,-1
Philadelphia 76ers,Indiana Pacers,-1
Oklahoma City Thunder,Los Angeles Lakers,1
Charlotte Hornets,Orlando Magic,1
Portland Trail Blazers,Sacramento Kings,1
Golden State Warriors,Brooklyn Nets,-1
New Orleans Pelicans,Dallas Mavericks,-1
Phoenix Suns,Miami Heat,-1
Los Angeles Clippers,Minnesota Timberwolves,1
Toronto Raptors,Philadelphia 76ers,1
Houston Rockets,Atlanta Hawks,-1
Washington Wizards,Chicago Bulls,-1
Los Angeles Lakers,Charlotte Hornets,-1
Boston Celtics,Cleveland Cavaliers,-1
Milwaukee Bucks,Denver Nuggets,-1
Utah Jazz,Memphis Grizzlies,1
Sacramento Kings,New York Knicks,1
Utah Jazz,Boston Celtics,-1
Charlotte Hornets,Brooklyn Nets,1
Milwaukee Bucks,Golden State Warriors,-1
Memphis Grizzlies,Houston Rockets,1
New York Knicks,Indiana Pacers,-1
Portland Trail Blazers,Los Angeles Clippers,1
Los Angeles Lakers,Miami Heat,-1
Denver Nuggets,Minnesota Timberwolves,1
Detroit Pistons,New Orleans Pelicans,-1
Philadelphia 76ers,Oklahoma City Thunder,-1
Phoenix Suns,Orlando Magic,1
Sacramento Kings,San Antonio Spurs,-1
Cleveland Cavaliers,Toronto Raptors,1
Oklahoma City Thunder,Chicago Bulls,-1
Dallas Mavericks,Portland Trail Blazers,-1
Cleveland Cavaliers,Atlanta Hawks,-1
Phoenix Suns,Brooklyn Nets,1
Toronto Raptors,Charlotte Hornets,-1
Dallas Mavericks,Golden State Warriors,-1
Detroit Pistons,Houston Rockets,-1
Chicago Bulls,Indiana Pacers,-1
Los Angeles Lakers,Memphis Grizzlies,-1
Boston Celtics,New Orleans Pelicans,1
Sacramento Kings,Orlando Magic,-1
Utah Jazz,Philadelphia 76ers,1
Denver Nuggets,San Antonio Spurs,-1
Miami Heat,Washington Wizards,-1
Phoenix Suns,Cleveland Cavaliers,-1
Houston Rockets,Denver Nuggets,1
Sacramento Kings,Miami Heat,-1
Washington Wizards,Milwaukee Bucks,-1
Portland Trail Blazers,Minnesota Timberwolves,-1
Memphis Grizzlies,New Orleans Pelicans,-1
Indiana Pacers,New York Knicks,1
Atlanta Hawks,Philadelphia 76ers,-1
Utah Jazz,Brooklyn Nets,1
Charlotte Hornets,Detroit Pistons,1
Los Angeles Clippers,Golden State Warriors,-1
Dallas Mavericks,Los Angeles Lakers,1
Toronto Raptors,Oklahoma City Thunder,-1
Boston Celtics,Orlando Magic,-1
Chicago Bulls,San Antonio Spurs,-1
Sacramento Kings,Atlanta Hawks,-1
Memphis Grizzlies,Chicago Bulls,1
Washington Wizards,Charlotte Hornets,1
New York Knicks,Denver Nuggets,-1
Minnesota Timberwolves,Los Angeles Clippers,-1
Boston Celtics,Miami Heat,1
New Orleans Pelicans,Milwaukee Bucks,1
Golden State Warriors,Phoenix Suns,1
New Orleans Pelicans,Brooklyn Nets,1
Cleveland Cavaliers,Dallas Mavericks,1
Orlando Magic,Indiana Pacers,-1
Detroit Pistons,Los Angeles Lakers,-1
Toronto Raptors,San Antonio Spurs,-1
New York Knicks,Utah Jazz,-1
Memphis Grizzlies,Boston Celtics,-1
Sacramento Kings,Charlotte Hornets,1
Atlanta Hawks,Denver Nuggets,-1
Detroit Pistons,Golden State Warriors,-1
Brooklyn Nets,Miami Heat,-1
Orlando Magic,Milwaukee Bucks,-1
Los Angeles Clippers,Oklahoma City Thunder,1
Chicago Bulls,Philadelphia 76ers,1
Minnesota Timberwolves,Phoenix Suns,-1
Houston Rockets,Portland Trail Blazers,-1
Milwaukee Bucks,Indiana Pacers,-1
New York Knicks,Los Angeles Lakers,1
Cleveland Cavaliers,San Antonio Spurs,1
Houston Rockets,Utah Jazz,-1
Memphis Grizzlies,Washington Wizards,-1
Orlando Magic,Boston Celtics,-1
Chicago Bulls,Charlotte Hornets,-1
Los Angeles Clippers,Dallas Mavericks,-1
Golden State Warriors,Denver Nuggets,-1
Minnesota Timberwolves,Oklahoma City Thunder,-1
Sacramento Kings,Philadelphia 76ers,-1
Atlanta Hawks,Phoenix Suns,1
Detroit Pistons,Portland Trail Blazers,-1
Miami Heat,Toronto Raptors,-1
New York Knicks,Golden State Warriors,-1
Boston Celtics,Indiana Pacers,1
Milwaukee Bucks,Memphis Grizzlies,-1
Brooklyn Nets,Philadelphia 76ers,1
Detroit Pistons,Utah Jazz,-1
Sacramento Kings,Washington Wizards,-1
Houston Rockets,Los Angeles Clippers,1
Atlanta Hawks,Los Angeles Lakers,1
Denver Nuggets,New Orleans Pelicans,1
Chicago Bulls,Oklahoma City Thunder,-1
Cleveland Cavaliers,Orlando Magic,1
New York Knicks,Phoenix Suns,-1
Minnesota Timberwolves,San Antonio Spurs,-1
Portland Trail Blazers,Toronto Raptors,1
Philadelphia 76ers,Boston Celtics,-1
Oklahoma City Thunder,Dallas Mavericks,-1
Los Angeles Lakers,Golden State Warriors,-1
Toronto Raptors,Indiana Pacers,1
Denver Nuggets,Memphis Grizzlies,-1
Cleveland Cavaliers,Miami Heat,-1
Brooklyn Nets,Minnesota Timberwolves,1
Atlanta Hawks,Sacramento Kings,1
Charlotte Hornets,Utah Jazz,-1
Portland Trail Blazers,Washington Wizards,-1
Memphis Grizzlies,Detroit Pistons,-1
Orlando Magic,Houston Rockets,-1
Charlotte Hornets,Los Angeles Clippers,-1
Milwaukee Bucks,New Orleans Pelicans,-1
San Antonio Spurs,New York Knicks,-1
Indiana Pacers,Chicago Bulls,-1
Brooklyn Nets,Cleveland Cavaliers,-1
Orlando Magic,Dallas Mavericks,-1
Atlanta Hawks,Golden State Warriors,-1
Portland Trail Blazers,Miami Heat,-1
San Antonio Spurs,Milwaukee Bucks,1
Boston Celtics,Oklahoma City Thunder,-1
Detroit Pistons,Philadelphia 76ers,-1
Los Angeles Clippers,Sacramento Kings,1
Minnesota Timberwolves,Toronto Raptors,-1
Washington Wizards,Utah Jazz,1
Denver Nuggets,Houston Rockets,-1
Utah Jazz,Los Angeles Lakers,1
Minnesota Timberwolves,New York Knicks,1
New Orleans Pelicans,Phoenix Suns,-1
Milwaukee Bucks,Brooklyn Nets,-1
Toronto Raptors,Chicago Bulls,-1
Indiana Pacers,Cleveland Cavaliers,-1
Memphis Grizzlies,Dallas Mavericks,1
New Orleans Pelicans,Golden State Warriors,-1
Washington Wizards,Los Angeles Clippers,-1
Denver Nuggets,Miami Heat,-1
Atlanta Hawks,Oklahoma City Thunder,-1
Portland Trail Blazers,Orlando Magic,-1
New York Knicks,Philadelphia 76ers,-1
Charlotte Hornets,Sacramento Kings,-1
Boston Celtics,San Antonio Spurs,-1
Chicago Bulls,Detroit Pistons,-1
Utah Jazz,Golden State Warriors,-1
Phoenix Suns,Houston Rockets,1
Brooklyn Nets,Indiana Pacers,1
Portland Trail Blazers,Memphis Grizzlies,-1
San Antonio Spurs,Atlanta Hawks,1
Detroit Pistons,Boston Celtics,1
New Orleans Pelicans,Los Angeles Clippers,-1
Philadelphia 76ers,Los Angeles Lakers,-1
Cleveland Cavaliers,Milwaukee Bucks,1
Charlotte Hornets,Minnesota Timberwolves,1
Miami Heat,Oklahoma City Thunder,-1
Denver Nuggets,Orlando Magic,1
Dallas Mavericks,Phoenix Suns,-1
Washington Wizards,Sacramento Kings,-1
New York Knicks,Toronto Raptors,-1
Boston Celtics,Brooklyn Nets,1
Charlotte Hornets,Chicago Bulls,-1
Washington Wizards,Golden State Warriors,-1
Houston Rockets,Indiana Pacers,1
Memphis Grizzlies,New York Knicks,1
Minnesota Timberwolves,Utah Jazz,1
San Antonio Spurs,Dallas Mavericks,-1
Toronto Raptors,Detroit Pistons,-1
Miami Heat,Milwaukee Bucks,-1
Los Angeles Lakers,Oklahoma City Thunder,-1
Golden State Warriors,Portland Trail Blazers,1
Philadelphia 76ers,Sacramento Kings,-1
Miami Heat,Boston Celtics,1
Brooklyn Nets,Charlotte Hornets,1
Philadelphia 76ers,Denver Nuggets,1
Cleveland Cavaliers,Memphis Grizzlies,1
Los Angeles Lakers,Minnesota Timberwolves,1
Houston Rockets,New Orleans Pelicans,1
Los Angeles Clippers,New York Knicks,1
Atlanta Hawks,Orlando Magic,1
Sacramento Kings,Phoenix Suns,1
Oklahoma City Thunder,San Antonio Spurs,-1
Chicago Bulls,Toronto Raptors,1
Portland Trail Blazers,Utah Jazz,1
Indiana Pacers,Washington Wizards,1
Indiana Pacers,Milwaukee Bucks,-1
Miami Heat,Atlanta Hawks,-1
Cleveland Cavaliers,Brooklyn Nets,-1
Utah Jazz,Denver Nuggets,-1
Minnesota Timberwolves,Houston Rockets,-1
Golden State Warriors,Memphis Grizzlies,1
Sacramento Kings,New Orleans Pelicans,-1
Boston Celtics,New York Knicks,1
Detroit Pistons,Orlando Magic,1
Los Angeles Clippers,Philadelphia 76ers,1
Portland Trail Blazers,Phoenix Suns,1
Dallas Mavericks,San Antonio Spurs,-1
Los Angeles Lakers,Toronto Raptors,-1
Charlotte Hornets,Washington Wizards,-1
New York Knicks,Chicago Bulls,-1
Atlanta Hawks,Charlotte Hornets,-1
Golden State Warriors,Milwaukee Bucks,1
Denver Nuggets,Portland Trail Blazers,-1
Oklahoma City Thunder,Utah Jazz,-1
Los Angeles Clippers,Boston Celtics,1
Los Angeles Lakers,Brooklyn Nets,-1
Philadelphia 76ers,Cleveland Cavaliers,-1
Dallas Mavericks,Indiana Pacers,-1
Detroit Pistons,Miami Heat,-1
Minnesota Timberwolves,New Orleans Pelicans,-1
Oklahoma City Thunder,Phoenix Suns,1
Memphis Grizzlies,San Antonio Spurs,-1
Houston Rockets,Washington Wizards,1
Milwaukee Bucks,Atlanta Hawks,-1
Boston Celtics,Charlotte Hornets,1
Sacramento Kings,Memphis Grizzlies,-1
Utah Jazz,Minnesota Timberwolves,1
Los Angeles Lakers,Philadelphia 76ers,1
Phoenix Suns,Portland Trail Blazers,-1
Houston Rockets,Toronto Raptors,-1
Indiana Pacers,Brooklyn Nets,-1
Atlanta Hawks,Detroit Pistons,-1
Golden State Warriors,Los Angeles Clippers,1
San Antonio Spurs,Miami Heat,1
Indiana Pacers,Boston Celtics,-1
Detroit Pistons,Charlotte Hornets,-1
Sacramento Kings,Houston Rockets,-1
New Orleans Pelicans,Los Angeles Lakers,1
Chicago Bulls,Milwaukee Bucks,-1
Toronto Raptors,Minnesota Timberwolves,1
Brooklyn Nets,New York Knicks,1
Dallas Mavericks,Oklahoma City Thunder,1
San Antonio Spurs,Orlando Magic,1
Los Angeles Clippers,Portland Trail Blazers,1
Denver Nuggets,Utah Jazz,-1
Philadelphia 76ers,Washington Wizards,-1
Miami Heat,Cleveland Cavaliers,-1
Houston Rockets,Dallas Mavericks,1
Phoenix Suns,Golden State Warriors,-1
Milwaukee Bucks,Boston Celtics,1
Toronto Raptors,Brooklyn Nets,-1
Detroit Pistons,Chicago Bulls,-1
Charlotte Hornets,Indiana Pacers,-1
Portland Trail Blazers,Los Angeles Lakers,1
Oklahoma City Thunder,Memphis Grizzlies,-1
Orlando Magic,Minnesota Timberwolves,1
New Orleans Pelicans,Sacramento Kings,1
Denver Nuggets,San Antonio Spurs,-1
New York Knicks,Washington Wizards,-1
Brooklyn Nets,Atlanta Hawks,-1
Philadelphia 76ers,Charlotte Hornets,-1
Golden State Warriors,Dallas Mavericks,1
Los Angeles Clippers,Denver Nuggets,1
Miami Heat,Detroit Pistons,-1
Washington Wizards,Memphis Grizzlies,1
Orlando Magic,Milwaukee Bucks,1
Utah Jazz,Phoenix Suns,-1
New Orleans Pelicans,Portland Trail Blazers,-1
Boston Celtics,Toronto Raptors,1
Chicago Bulls,Cleveland Cavaliers,-1
Miami Heat,Indiana Pacers,-1
Los Angeles Clippers,Los Angeles Lakers,1
Philadelphia 76ers,New York Knicks,-1
Houston Rockets,Oklahoma City Thunder,1
Utah Jazz,Sacramento Kings,1
Golden State Warriors,San Antonio Spurs,-1
Portland Trail Blazers,Brooklyn Nets,-1
Phoenix Suns,Atlanta Hawks,-1
Los Angeles Lakers,Los Angeles Clippers,-1
Charlotte Hornets,Miami Heat,-1
Golden State Warriors,New Orleans Pelicans,-1
San Antonio Spurs,Oklahoma City Thunder,1
Minnesota Timberwolves,Sacramento Kings,-1
Atlanta Hawks,Brooklyn Nets,1
Toronto Raptors,Charlotte Hornets,1
Phoenix Suns,Dallas Mavericks,-1
Los Angeles Lakers,Denver Nuggets,-1
Boston Celtics,Detroit Pistons,1
New Orleans Pelicans,Memphis Grizzlies,-1
Cleveland Cavaliers,Milwaukee Bucks,1
Indiana Pacers,New York Knicks,1
Chicago Bulls,Orlando Magic,-1
Washington Wizards,Philadelphia 76ers,1
Minnesota Timberwolves,Portland Trail Blazers,-1
Houston Rockets,San Antonio Spurs,-1
Sacramento Kings,Utah Jazz,-1
Portland Trail Blazers,Golden State Warriors,-1
Chicago Bulls,Miami Heat,1
Charlotte Hornets,Atlanta Hawks,-1
Washington Wizards,Brooklyn Nets,-1
Boston Celtics,Cleveland Cavaliers,1
Dallas Mavericks,Denver Nuggets,1
Indiana Pacers,Detroit Pistons,1
San Antonio Spurs,Houston Rockets,1
Minnesota Timberwolves,Los Angeles Lakers,-1
Phoenix Suns,New Orleans Pelicans,-1
Milwaukee Bucks,New York Knicks,1
Sacramento Kings,Oklahoma City Thunder,-1
Toronto Raptors,Orlando Magic,1
Memphis Grizzlies,Utah Jazz,1
Philadelphia 76ers,Chicago Bulls,-1
Minnesota Timberwolves,Golden State Warriors,-1
Memphis Grizzlies,Los Angeles Clippers,-1
Toronto Raptors,Miami Heat,1
New York Knicks,Orlando Magic,1
Utah Jazz,Portland Trail Blazers,1
Cleveland Cavaliers,Boston Celtics,-1
Sacramento Kings,Denver Nuggets,-1
Charlotte Hornets,Detroit Pistons,-1
New Orleans Pelicans,Houston Rockets,-1
Oklahoma City Thunder,Indiana Pacers,-1
Dallas Mavericks,Los Angeles Lakers,1
Brooklyn Nets,Milwaukee Bucks,-1
Phoenix Suns,San Antonio Spurs,-1
Atlanta Hawks,Washington Wizards,-1
New York Knicks,Atlanta Hawks,1
Chicago Bulls,Brooklyn Nets,1
Houston Rockets,Charlotte Hornets,1
Detroit Pistons,Cleveland Cavaliers,-1
Memphis Grizzlies,Golden State Warriors,-1
Denver Nuggets,Los Angeles Clippers,-1
Orlando Magic,Miami Heat,-1
New Orleans Pelicans,Minnesota Timberwolves,1
Portland Trail Blazers,Oklahoma City Thunder,-1
Milwaukee Bucks,Philadelphia 76ers,1
Los Angeles Lakers,Sacramento Kings,-1
Dallas Mavericks,Utah Jazz,-1
Toronto Raptors,Boston Celtics,-1
Washington Wizards,Indiana Pacers,-1
Los Angeles Clippers,Phoenix Suns,1
Orlando Magic,Brooklyn Nets,-1
Atlanta Hawks,Chicago Bulls,-1
Washington Wizards,Cleveland Cavaliers,-1
Portland Trail Blazers,Dallas Mavericks,-1
Denver Nuggets,Golden State Warriors,-1
Utah Jazz,Houston Rockets,-1
Sacramento Kings,Los Angeles Lakers,1
Indiana Pacers,Memphis Grizzlies,-1
Boston Celtics,Milwaukee Bucks,1
Oklahoma City Thunder,Minnesota Timberwolves,1
San Antonio Spurs,New Orleans Pelicans,-1
Detroit Pistons,New York Knicks,1
Miami Heat,Philadelphia 76ers,1
Charlotte Hornets,Toronto Raptors,-1
