Houston Rockets,Los Angeles Lakers,108,90
Orlando Magic,New Orleans Pelicans,84,101
Dallas Mavericks,San Antonio Spurs,100,101
Brooklyn Nets,Boston Celtics,105,121
Milwaukee Bucks,Charlotte Hornets,106,108
Detroit Pistons,Denver Nuggets,79,89
Philadelphia 76ers,Indiana Pacers,91,103
Minnesota Timberwolves,Memphis Grizzlies,101,105
Washington Wizards,Miami Heat,95,107
Chicago Bulls,New York Knicks,104,80
Los Angeles Lakers,Phoenix Suns,99,119
Oklahoma City Thunder,Portland Trail Blazers,89,106
Golden State Warriors,Sacramento Kings,95,77
Atlanta Hawks,Toronto Raptors,102,109
Houston Rockets,Utah Jazz,104,93
New York Knicks,Cleveland Cavaliers,95,90
Utah Jazz,Dallas Mavericks,102,120
Oklahoma City Thunder,Los Angeles Clippers,90,93
Detroit Pistons,Minnesota Timberwolves,91,97
Washington Wizards,Orlando Magic,105,98
Cleveland Cavaliers,Chicago Bulls,114,108
Memphis Grizzlies,Indiana Pacers,97,89
Los Angeles Clippers,Los Angeles Lakers,118,111
Philadelphia 76ers,Milwaukee Bucks,81,93
San Antonio Spurs,Phoenix Suns,89,94
Portland Trail Blazers,Sacramento Kings,94,103
Indiana Pacers,Atlanta Hawks,92,102
Memphis Grizzlies,Charlotte Hornets,71,69
Brooklyn Nets,Detroit Pistons,102,90
Los Angeles Lakers,Golden State Warriors,104,127
Boston Celtics,Houston Rockets,90,104
Chicago Bulls,Minnesota Timberwolves,106,105
Dallas Mavericks,New Orleans Pelicans,109,104
Denver Nuggets,Oklahoma City Thunder,91,102
Toronto Raptors,Orlando Magic,108,95
Miami Heat,Philadelphia 76ers,114,96
Phoenix Suns,Utah Jazz,91,118
Milwaukee Bucks,Washington Wizards,97,108
Sacramento Kings,Los Angeles Clippers,98,92
Toronto Raptors,Miami Heat,102,107
Charlotte Hornets,New York Knicks,93,96
Golden State Warriors,Portland Trail Blazers,95,90
Oklahoma City Thunder,Brooklyn Nets,85,116
Boston Celtics,Dallas Mavericks,113,118
Sacramento Kings,Denver Nuggets,110,105
Utah Jazz,Los Angeles Clippers,101,107
New Orleans Pelicans,Memphis Grizzlies,81,93
Houston Rockets,Philadelphia 76ers,104,93
Orlando Magic,Chicago Bulls,90,98
Milwaukee Bucks,Indiana Pacers,87,81
Phoenix Suns,Los Angeles Lakers,112,106
Houston Rockets,Miami Heat,108,91
Charlotte Hornets,New Orleans Pelicans,91,100
Washington Wizards,New York Knicks,98,83
Cleveland Cavaliers,Portland Trail Blazers,82,101
Oklahoma City Thunder,Toronto Raptors,88,100
Toronto Raptors,Boston Celtics,110,107
Minnesota Timberwolves,Brooklyn Nets,98,91
Miami Heat,Charlotte Hornets,89,96
New York Knicks,Detroit Pistons,95,98
Los Angeles Clippers,Golden State Warriors,104,121
Chicago Bulls,Milwaukee Bucks,95,86
Orlando Magic,Philadelphia 76ers,91,89
Memphis Grizzlies,Phoenix Suns,102,91
Denver Nuggets,Sacramento Kings,109,131
Atlanta Hawks,San Antonio Spurs,92,94
Cleveland Cavaliers,Utah Jazz,100,102
Indiana Pacers,Washington Wizards,94,96
San Antonio Spurs,Houston Rockets,81,98
Dallas Mavericks,Portland Trail Blazers,87,108
Indiana Pacers,Boston Celtics,98,101
New York Knicks,Brooklyn Nets,99,110
Atlanta Hawks,Charlotte Hornets,119,122
Cleveland Cavaliers,Denver Nuggets,110,101
Milwaukee Bucks,Detroit Pistons,95,98
Memphis Grizzlies,Oklahoma City Thunder,91,89
Minnesota Timberwolves,Orlando Magic,103,112
Chicago Bulls,Philadelphia 76ers,118,115
Sacramento Kings,Phoenix Suns,114,112
Washington Wizards,Toronto Raptors,84,103
Dallas Mavericks,Utah Jazz,105,82
New York Knicks,Atlanta Hawks,96,103
Boston Celtics,Chicago Bulls,106,101
Golden State Warriors,Houston Rockets,98,87
Washington Wizards,Indiana Pacers,97,90
Portland Trail Blazers,Los Angeles Clippers,102,106
Minnesota Timberwolves,Miami Heat,92,102
Memphis Grizzlies,Milwaukee Bucks,92,93
New Orleans Pelicans,San Antonio Spurs,100,99
Orlando Magic,Brooklyn Nets,96,104
Miami Heat,Dallas Mavericks,105,96
Utah Jazz,Detroit Pistons,97,96
Charlotte Hornets,Los Angeles Lakers,92,107
Sacramento Kings,Oklahoma City Thunder,93,101
Golden State Warriors,Phoenix Suns,95,107
Denver Nuggets,Portland Trail Blazers,100,116
Philadelphia 76ers,Toronto Raptors,88,120
Detroit Pistons,Chicago Bulls,91,102
New Orleans Pelicans,Cleveland Cavaliers,111,118
Utah Jazz,Indiana Pacers,86,97
San Antonio Spurs,Los Angeles Clippers,89,85
Atlanta Hawks,New York Knicks,91,85
Sacramento Kings,Dallas Mavericks,98,106
San Antonio Spurs,Golden State Warriors,113,100
Los Angeles Lakers,Memphis Grizzlies,102,107
Oklahoma City Thunder,Milwaukee Bucks,78,85
Charlotte Hornets,Portland Trail Blazers,100,102
Orlando Magic,Toronto Raptors,100,104
Utah Jazz,Atlanta Hawks,97,100
Oklahoma City Thunder,Boston Celtics,109,94
Portland Trail Blazers,Denver Nuggets,130,113
Indiana Pacers,Miami Heat,81,75
Houston Rockets,Minnesota Timberwolves,113,101
Los Angeles Lakers,New Orleans Pelicans,102,109
Orlando Magic,New York Knicks,97,95
Brooklyn Nets,Phoenix Suns,104,112
Detroit Pistons,Washington Wizards,103,107
Philadelphia 76ers,Dallas Mavericks,70,123
Brooklyn Nets,Golden State Warriors,99,107
Sacramento Kings,Memphis Grizzlies,110,111
Chicago Bulls,Toronto Raptors,100,93
Miami Heat,Atlanta Hawks,103,114
Cleveland Cavaliers,Boston Celtics,122,121
Philadelphia 76ers,Houston Rockets,87,88
Denver Nuggets,Indiana Pacers,108,87
San Antonio Spurs,Los Angeles Lakers,93,80
Minnesota Timberwolves,New Orleans Pelicans,91,139
Utah Jazz,New York Knicks,102,100
Detroit Pistons,Oklahoma City Thunder,96,89
Milwaukee Bucks,Orlando Magic,85,101
Charlotte Hornets,Phoenix Suns,103,95
Indiana Pacers,Chicago Bulls,99,90
Atlanta Hawks,Cleveland Cavaliers,94,127
Minnesota Timberwolves,Dallas Mavericks,117,131
Charlotte Hornets,Golden State Warriors,87,112
Phoenix Suns,Los Angeles Clippers,107,120
Detroit Pistons,Memphis Grizzlies,88,95
Brooklyn Nets,Portland Trail Blazers,87,97
San Antonio Spurs,Sacramento Kings,91,94
Utah Jazz,Toronto Raptors,93,111
Orlando Magic,Washington Wizards,93,98
Golden State Warriors,Los Angeles Lakers,136,115
Milwaukee Bucks,Miami Heat,91,84
Denver Nuggets,New York Knicks,93,109
Houston Rockets,Oklahoma City Thunder,69,65
Phoenix Suns,Boston Celtics,118,114
Miami Heat,Brooklyn Nets,95,83
Dallas Mavericks,Charlotte Hornets,107,80
Denver Nuggets,Cleveland Cavaliers,106,97
Orlando Magic,Detroit Pistons,107,93
Chicago Bulls,Los Angeles Clippers,105,89
Houston Rockets,Memphis Grizzlies,93,119
New Orleans Pelicans,Portland Trail Blazers,93,102
Philadelphia 76ers,San Antonio Spurs,75,100
Los Angeles Lakers,Atlanta Hawks,114,109
New York Knicks,Milwaukee Bucks,113,117
New Orleans Pelicans,Sacramento Kings,106,100
Oklahoma City Thunder,Utah Jazz,81,98
Milwaukee Bucks,Brooklyn Nets,122,118
San Antonio Spurs,Cleveland Cavaliers,92,90
Oklahoma City Thunder,Denver Nuggets,100,107
Phoenix Suns,Detroit Pistons,88,86
Los Angeles Lakers,Houston Rockets,98,92
Charlotte Hornets,Indiana Pacers,86,88
New York Knicks,Minnesota Timberwolves,99,115
Los Angeles Clippers,Orlando Magic,114,90
Boston Celtics,Philadelphia 76ers,101,90
Memphis Grizzlies,Toronto Raptors,92,96
Dallas Mavericks,Washington Wizards,105,102
Los Angeles Clippers,Miami Heat,110,93
Chicago Bulls,Sacramento Kings,88,103
Detroit Pistons,Atlanta Hawks,89,99
Orlando Magic,Charlotte Hornets,105,100
Los Angeles Lakers,Dallas Mavericks,106,140
New Orleans Pelicans,Denver Nuggets,97,117
Utah Jazz,Golden State Warriors,88,101
Boston Celtics,Memphis Grizzlies,100,117
San Antonio Spurs,Minnesota Timberwolves,121,92
Brooklyn Nets,Oklahoma City Thunder,94,92
Phoenix Suns,Philadelphia 76ers,122,96
Chicago Bulls,Portland Trail Blazers,87,105
Milwaukee Bucks,Toronto Raptors,82,124
Cleveland Cavaliers,Washington Wizards,78,91
Toronto Raptors,Cleveland Cavaliers,110,93
Dallas Mavericks,Houston Rockets,92,95
Phoenix Suns,Indiana Pacers,106,83
Washington Wizards,Milwaukee Bucks,111,100
Sacramento Kings,Minnesota Timberwolves,113,101
Philadelphia 76ers,New York Knicks,83,91
Miami Heat,Orlando Magic,99,92
Brooklyn Nets,San Antonio Spurs,87,99
New Orleans Pelicans,Utah Jazz,106,94
Portland Trail Blazers,Boston Celtics,94,88
Denver Nuggets,Los Angeles Lakers,101,94
Los Angeles Clippers,Memphis Grizzlies,91,107
Charlotte Hornets,Miami Heat,93,94
Golden State Warriors,Oklahoma City Thunder,91,86
Los Angeles Clippers,Charlotte Hornets,113,92
Orlando Magic,Cleveland Cavaliers,74,106
Indiana Pacers,Dallas Mavericks,111,100
New York Knicks,Houston Rockets,86,91
Portland Trail Blazers,Philadelphia 76ers,114,104
Phoenix Suns,Toronto Raptors,100,104
Chicago Bulls,Utah Jazz,97,95
Chicago Bulls,Denver Nuggets,109,114
Golden State Warriors,Miami Heat,114,97
Detroit Pistons,Milwaukee Bucks,86,98
Sacramento Kings,New Orleans Pelicans,99,89
Atlanta Hawks,Washington Wizards,106,102
Toronto Raptors,Atlanta Hawks,126,115
Portland Trail Blazers,Charlotte Hornets,105,97
Washington Wizards,Cleveland Cavaliers,87,113
New York Knicks,Dallas Mavericks,102,109
Los Angeles Clippers,Detroit Pistons,104,98
Sacramento Kings,Houston Rockets,89,102
Memphis Grizzlies,Los Angeles Lakers,99,93
Milwaukee Bucks,Minnesota Timberwolves,103,86
Utah Jazz,Oklahoma City Thunder,82,97
Golden State Warriors,Orlando Magic,111,96
Brooklyn Nets,Philadelphia 76ers,99,91
Denver Nuggets,Phoenix Suns,112,120
Indiana Pacers,San Antonio Spurs,100,106
New Orleans Pelicans,Atlanta Hawks,91,100
Chicago Bulls,Boston Celtics,109,102
Golden State Warriors,Charlotte Hornets,106,101
Phoenix Suns,Denver Nuggets,97,122
Milwaukee Bucks,Detroit Pistons,104,88
Los Angeles Clippers,Houston Rockets,102,85
Orlando Magic,Indiana Pacers,83,98
Minnesota Timberwolves,Los Angeles Lakers,120,119
New York Knicks,Oklahoma City Thunder,78,105
Memphis Grizzlies,Portland Trail Blazers,112,99
Sacramento Kings,San Antonio Spurs,104,112
Dallas Mavericks,Toronto Raptors,106,102
Charlotte Hornets,Atlanta Hawks,75,105
Indiana Pacers,Cleveland Cavaliers,97,109
Houston Rockets,Milwaukee Bucks,117,103
Dallas Mavericks,Philadelphia 76ers,110,103
Los Angeles Clippers,Utah Jazz,112,96
New Orleans Pelicans,Washington Wizards,80,83
San Antonio Spurs,Boston Celtics,111,89
Chicago Bulls,Brooklyn Nets,102,84
Golden State Warriors,Detroit Pistons,104,93
Toronto Raptors,Los Angeles Lakers,122,129
Miami Heat,New York Knicks,86,79
Orlando Magic,Phoenix Suns,93,90
Minnesota Timberwolves,Portland Trail Blazers,93,107
Memphis Grizzlies,Sacramento Kings,97,85
Minnesota Timberwolves,Los Angeles Clippers,101,127
San Antonio Spurs,Philadelphia 76ers,109,103
Denver Nuggets,Utah Jazz,103,101
Miami Heat,Washington Wizards,86,107
Boston Celtics,Atlanta Hawks,105,109
Dallas Mavericks,Chicago Bulls,132,129
Milwaukee Bucks,Cleveland Cavaliers,108,111
Portland Trail Blazers,Denver Nuggets,105,103
Los Angeles Lakers,Detroit Pistons,106,96
Orlando Magic,Golden State Warriors,97,98
Oklahoma City Thunder,New Orleans Pelicans,104,112
Brooklyn Nets,New York Knicks,98,93
Indiana Pacers,Phoenix Suns,99,116
Toronto Raptors,Sacramento Kings,117,109
Detroit Pistons,Boston Celtics,102,109
San Antonio Spurs,Brooklyn Nets,93,95
Chicago Bulls,Charlotte Hornets,102,95
Memphis Grizzlies,Houston Rockets,96,105
Orlando Magic,Los Angeles Clippers,86,114
Atlanta Hawks,Miami Heat,112,102
Dallas Mavericks,Milwaukee Bucks,107,105
Philadelphia 76ers,Minnesota Timberwolves,85,77
Toronto Raptors,Utah Jazz,123,104
Los Angeles Lakers,Washington Wizards,95,111
New Orleans Pelicans,Golden State Warriors,85,112
Cleveland Cavaliers,New York Knicks,90,87
Indiana Pacers,Portland Trail Blazers,82,88
Los Angeles Lakers,Boston Celtics,96,113
Atlanta Hawks,Brooklyn Nets,98,75
New York Knicks,Charlotte Hornets,102,103
Phoenix Suns,Dallas Mavericks,118,106
San Antonio Spurs,Memphis Grizzlies,107,101
Miami Heat,Milwaukee Bucks,85,109
Houston Rockets,Minnesota Timberwolves,114,112
Oklahoma City Thunder,Philadelphia 76ers,103,91
Indiana Pacers,Sacramento Kings,101,102
Cleveland Cavaliers,Toronto Raptors,105,91
Orlando Magic,Utah Jazz,98,93
Denver Nuggets,Washington Wizards,89,119
Golden State Warriors,Chicago Bulls,112,102
Philadelphia 76ers,Detroit Pistons,108,101
Phoenix Suns,Houston Rockets,95,100
New Orleans Pelicans,Los Angeles Clippers,100,120
Orlando Magic,Sacramento Kings,105,96
Minnesota Timberwolves,San Antonio Spurs,101,123
Denver Nuggets,Atlanta Hawks,84,96
Washington Wizards,Boston Celtics,93,101
Milwaukee Bucks,Dallas Mavericks,102,125
Oklahoma City Thunder,Detroit Pistons,96,94
New Orleans Pelicans,Los Angeles Lakers,104,87
Miami Heat,Memphis Grizzlies,87,103
Portland Trail Blazers,New York Knicks,103,99
Cleveland Cavaliers,Brooklyn Nets,110,88
Atlanta Hawks,Indiana Pacers,108,92
Phoenix Suns,Los Angeles Clippers,120,121
Golden State Warriors,Minnesota Timberwolves,102,86
Utah Jazz,Sacramento Kings,92,101
Denver Nuggets,Toronto Raptors,107,112
Boston Celtics,Washington Wizards,132,133
Toronto Raptors,Cleveland Cavaliers,101,105
Portland Trail Blazers,Detroit Pistons,98,86
Sacramento Kings,Los Angeles Lakers,95,98
Dallas Mavericks,Memphis Grizzlies,105,114
New York Knicks,New Orleans Pelicans,93,104
Milwaukee Bucks,Oklahoma City Thunder,101,114
Miami Heat,Phoenix Suns,103,97
San Antonio Spurs,Utah Jazz,96,100
Philadelphia 76ers,Atlanta Hawks,79,95
Brooklyn Nets,Chicago Bulls,80,105
Boston Celtics,Charlotte Hornets,87,96
New Orleans Pelicans,Dallas Mavericks,107,112
Miami Heat,Denver Nuggets,82,102
Houston Rockets,Golden State Warriors,93,105
Los Angeles Clippers,Indiana Pacers,103,96
Portland Trail Blazers,Minnesota Timberwolves,82,90
Washington Wizards,Orlando Magic,91,89
New York Knicks,San Antonio Spurs,95,109
Cleveland Cavaliers,Oklahoma City Thunder,94,103
Houston Rockets,Sacramento Kings,113,109
Orlando Magic,Atlanta Hawks,81,87
New York Knicks,Boston Celtics,101,95
Philadelphia 76ers,Brooklyn Nets,70,88
Portland Trail Blazers,Chicago Bulls,106,115
Charlotte Hornets,Memphis Grizzlies,107,113
Oklahoma City Thunder,Minnesota Timberwolves,111,92
Cleveland Cavaliers,New Orleans Pelicans,114,119
Detroit Pistons,Phoenix Suns,105,103
Los Angeles Lakers,San Antonio Spurs,112,110
Indiana Pacers,Toronto Raptors,94,106
Miami Heat,Utah Jazz,100,95
Los Angeles Clippers,Washington Wizards,96,104
Brooklyn Nets,Charlotte Hornets,114,87
Golden State Warriors,Dallas Mavericks,105,98
Denver Nuggets,Houston Rockets,96,108
Portland Trail Blazers,Indiana Pacers,95,85
Los Angeles Clippers,Milwaukee Bucks,106,111
Atlanta Hawks,Orlando Magic,99,100
Memphis Grizzlies,Philadelphia 76ers,120,115
Detroit Pistons,Sacramento Kings,95,90
San Antonio Spurs,Denver Nuggets,99,91
Chicago Bulls,Miami Heat,93,75
Los Angeles Lakers,Minnesota Timberwolves,100,94
Golden State Warriors,New Orleans Pelicans,128,122
Toronto Raptors,New York Knicks,95,90
Phoenix Suns,Oklahoma City Thunder,88,112
Utah Jazz,Washington Wizards,84,93
Chicago Bulls,Atlanta Hawks,86,93
Charlotte Hornets,Cleveland Cavaliers,88,97
Los Angeles Lakers,Indiana Pacers,91,110
Detroit Pistons,Los Angeles Clippers,91,113
Boston Celtics,Philadelphia 76ers,105,87
Milwaukee Bucks,Phoenix Suns,96,94
San Antonio Spurs,Portland Trail Blazers,95,108
Orlando Magic,Toronto Raptors,82,95
Miami Heat,Brooklyn Nets,95,91
Golden State Warriors,Memphis Grizzlies,98,105
Utah Jazz,New Orleans Pelicans,111,119
Dallas Mavericks,New York Knicks,107,87
Oklahoma City Thunder,Sacramento Kings,104,92
Minnesota Timberwolves,Washington Wizards,95,109
Orlando Magic,Boston Celtics,92,109
Phoenix Suns,Charlotte Hornets,111,106
Atlanta Hawks,Cleveland Cavaliers,127,98
Houston Rockets,Denver Nuggets,115,111
Dallas Mavericks,Detroit Pistons,117,106
Indiana Pacers,Los Angeles Clippers,100,102
Utah Jazz,Miami Heat,105,87
Milwaukee Bucks,Portland Trail Blazers,97,104
Memphis Grizzlies,San Antonio Spurs,117,116
Brooklyn Nets,Toronto Raptors,89,105
New York Knicks,Chicago Bulls,97,103
Oklahoma City Thunder,Golden State Warriors,109,114
New Orleans Pelicans,Houston Rockets,99,90
Milwaukee Bucks,Sacramento Kings,108,107
Minnesota Timberwolves,Boston Celtics,98,114
Brooklyn Nets,Cleveland Cavaliers,91,95
Los Angeles Clippers,Denver Nuggets,106,109
Toronto Raptors,Detroit Pistons,110,100
Oklahoma City Thunder,Los Angeles Lakers,104,103
Chicago Bulls,Memphis Grizzlies,103,97
Washington Wizards,Miami Heat,105,103
Utah Jazz,Orlando Magic,101,94
Charlotte Hornets,Philadelphia 76ers,109,91
Portland Trail Blazers,San Antonio Spurs,129,119
Utah Jazz,Charlotte Hornets,86,104
San Antonio Spurs,Dallas Mavericks,93,99
Indiana Pacers,Denver Nuggets,73,76
Atlanta Hawks,Houston Rockets,104,97
Milwaukee Bucks,Los Angeles Clippers,102,106
Portland Trail Blazers,New Orleans Pelicans,114,88
Phoenix Suns,New York Knicks,99,90
Detroit Pistons,Brooklyn Nets,105,110
Memphis Grizzlies,Cleveland Cavaliers,91,105
Boston Celtics,Miami Heat,84,100
Indiana Pacers,Minnesota Timberwolves,100,96
New Orleans Pelicans,Oklahoma City Thunder,101,99
Philadelphia 76ers,Orlando Magic,96,88
Los Angeles Lakers,Sacramento Kings,101,108
New York Knicks,Toronto Raptors,108,118
Phoenix Suns,Washington Wizards,104,92
Toronto Raptors,Chicago Bulls,120,129
Denver Nuggets,Charlotte Hornets,82,110
Atlanta Hawks,Dallas Mavericks,105,102
Sacramento Kings,Golden State Warriors,108,128
Portland Trail Blazers,Houston Rockets,95,110
Utah Jazz,Memphis Grizzlies,97,91
Los Angeles Clippers,San Antonio Spurs,118,125
Los Angeles Clippers,Atlanta Hawks,104,107
Denver Nuggets,Brooklyn Nets,96,102
Minnesota Timberwolves,Cleveland Cavaliers,104,125
New Orleans Pelicans,Indiana Pacers,84,96
Golden State Warriors,Los Angeles Lakers,105,115
Philadelphia 76ers,Miami Heat,91,87
Charlotte Hornets,Milwaukee Bucks,108,101
Portland Trail Blazers,Oklahoma City Thunder,115,111
Boston Celtics,Orlando Magic,95,100
Dallas Mavericks,Phoenix Suns,115,124
Chicago Bulls,Washington Wizards,99,91
Los Angeles Lakers,Chicago Bulls,93,113
Golden State Warriors,Los Angeles Clippers,86,100
Cleveland Cavaliers,Miami Heat,91,101
Washington Wizards,New York Knicks,102,91
Oklahoma City Thunder,San Antonio Spurs,114,106
Milwaukee Bucks,Atlanta Hawks,107,77
Brooklyn Nets,Boston Celtics,109,107
Los Angeles Lakers,Dallas Mavericks,98,102
Minnesota Timberwolves,Denver Nuggets,102,106
Indiana Pacers,Detroit Pistons,109,119
Houston Rockets,Memphis Grizzlies,117,111
San Antonio Spurs,New Orleans Pelicans,90,97
Charlotte Hornets,Oklahoma City Thunder,75,98
Cleveland Cavaliers,Orlando Magic,98,89
Philadelphia 76ers,Portland Trail Blazers,93,114
Phoenix Suns,Sacramento Kings,115,106
Indiana Pacers,Brooklyn Nets,110,85
New Orleans Pelicans,Chicago Bulls,100,107
Orlando Magic,Charlotte Hornets,102,94
Minnesota Timberwolves,Golden State Warriors,97,110
Toronto Raptors,Los Angeles Clippers,110,98
Memphis Grizzlies,Miami Heat,103,95
Atlanta Hawks,Milwaukee Bucks,90,85
New York Knicks,Sacramento Kings,129,135
Philadelphia 76ers,Utah Jazz,71,88
Boston Celtics,Washington Wizards,88,101
Detroit Pistons,Cleveland Cavaliers,103,80
Oklahoma City Thunder,Dallas Mavericks,107,112
Toronto Raptors,Denver Nuggets,116,102
Phoenix Suns,Los Angeles Lakers,116,107
New York Knicks,Portland Trail Blazers,79,101
Houston Rockets,San Antonio Spurs,106,110
Sacramento Kings,Brooklyn Nets,99,107
Milwaukee Bucks,Charlotte Hornets,104,94
Washington Wizards,Houston Rockets,104,103
Chicago Bulls,Indiana Pacers,92,90
Utah Jazz,Los Angeles Clippers,97,101
Orlando Magic,Miami Heat,102,101
Cleveland Cavaliers,Atlanta Hawks,101,109
Brooklyn Nets,Chicago Bulls,96,82
Washington Wizards,Dallas Mavericks,87,114
Los Angeles Lakers,Denver Nuggets,111,103
Philadelphia 76ers,Golden State Warriors,86,126
San Antonio Spurs,Memphis Grizzlies,87,95
Phoenix Suns,New Orleans Pelicans,106,110
Detroit Pistons,Orlando Magic,109,86
Toronto Raptors,Portland Trail Blazers,97,102
Minnesota Timberwolves,Utah Jazz,94,100
Sacramento Kings,Boston Celtics,84,106
Milwaukee Bucks,Cleveland Cavaliers,96,80
Charlotte Hornets,Houston Rockets,83,102
Miami Heat,Indiana Pacers,95,106
New York Knicks,Los Angeles Clippers,78,99
Phoenix Suns,Oklahoma City Thunder,134,137
New Orleans Pelicans,San Antonio Spurs,93,95
Denver Nuggets,Chicago Bulls,101,106
Sacramento Kings,Minnesota Timberwolves,110,107
Dallas Mavericks,Boston Celtics,119,101
Cleveland Cavaliers,Charlotte Hornets,91,87
Toronto Raptors,Golden State Warriors,105,126
Memphis Grizzlies,Los Angeles Lakers,109,106
Indiana Pacers,Milwaukee Bucks,94,91
Houston Rockets,New Orleans Pelicans,83,111
Detroit Pistons,New York Knicks,97,81
Washington Wizards,Oklahoma City Thunder,102,109
Brooklyn Nets,Orlando Magic,100,98
Philadelphia 76ers,Phoenix Suns,96,112
Atlanta Hawks,Utah Jazz,98,92
Boston Celtics,Chicago Bulls,104,109
Memphis Grizzlies,Denver Nuggets,85,114
Miami Heat,Houston Rockets,79,115
Philadelphia 76ers,Los Angeles Clippers,91,127
Utah Jazz,Minnesota Timberwolves,101,89
Charlotte Hornets,Orlando Magic,98,90
Atlanta Hawks,Portland Trail Blazers,115,107
Washington Wizards,San Antonio Spurs,92,101
Dallas Mavericks,Cleveland Cavaliers,109,90
Sacramento Kings,Detroit Pistons,95,114
Indiana Pacers,Los Angeles Lakers,87,88
Brooklyn Nets,Miami Heat,84,88
Milwaukee Bucks,New York Knicks,95,82
Toronto Raptors,Phoenix Suns,109,125
Charlotte Hornets,Boston Celtics,104,95
Dallas Mavericks,Brooklyn Nets,96,88
Houston Rockets,Chicago Bulls,105,114
Oklahoma City Thunder,Golden State Warriors,91,117
Atlanta Hawks,Los Angeles Clippers,107,98
New York Knicks,Memphis Grizzlies,83,105
Denver Nuggets,Minnesota Timberwolves,110,101
Washington Wizards,New Orleans Pelicans,92,85
Cleveland Cavaliers,Philadelphia 76ers,92,95
Los Angeles Lakers,Portland Trail Blazers,94,98
Indiana Pacers,Utah Jazz,105,101
Phoenix Suns,Milwaukee Bucks,102,96
Detroit Pistons,San Antonio Spurs,105,104
Memphis Grizzlies,Atlanta Hawks,86,96
Boston Celtics,Brooklyn Nets,89,81
Utah Jazz,Chicago Bulls,97,77
New Orleans Pelicans,Charlotte Hornets,94,98
Houston Rockets,Cleveland Cavaliers,105,93
Detroit Pistons,Dallas Mavericks,108,95
Orlando Magic,Denver Nuggets,90,93
Indiana Pacers,Golden State Warriors,102,117
Los Angeles Lakers,Los Angeles Clippers,89,114
Phoenix Suns,Minnesota Timberwolves,113,111
Milwaukee Bucks,Philadelphia 76ers,97,77
Oklahoma City Thunder,Sacramento Kings,83,104
New York Knicks,Washington Wizards,91,101
Houston Rockets,New York Knicks,120,96
Miami Heat,Portland Trail Blazers,83,99
Charlotte Hornets,Toronto Raptors,103,95
Philadelphia 76ers,Brooklyn Nets,90,88
Atlanta Hawks,Detroit Pistons,106,103
Cleveland Cavaliers,Golden State Warriors,94,112
Boston Celtics,Indiana Pacers,103,107
Orlando Magic,Los Angeles Lakers,84,101
Minnesota Timberwolves,Milwaukee Bucks,84,98
Memphis Grizzlies,New Orleans Pelicans,95,106
Utah Jazz,Oklahoma City Thunder,94,99
Denver Nuggets,Sacramento Kings,118,108
Phoenix Suns,San Antonio Spurs,95,100
Chicago Bulls,Washington Wizards,86,102
Milwaukee Bucks,Chicago Bulls,87,95
Brooklyn Nets,Detroit Pistons,93,98
Utah Jazz,Houston Rockets,82,97
Dallas Mavericks,Los Angeles Clippers,100,120
San Antonio Spurs,Minnesota Timberwolves,108,93
Charlotte Hornets,New York Knicks,110,82
Indiana Pacers,Philadelphia 76ers,92,93
Orlando Magic,Portland Trail Blazers,92,103
Boston Celtics,Toronto Raptors,96,109
Washington Wizards,Atlanta Hawks,89,120
Miami Heat,Los Angeles Clippers,104,90
Portland Trail Blazers,Los Angeles Lakers,106,94
Phoenix Suns,Memphis Grizzlies,110,122
Cleveland Cavaliers,Sacramento Kings,84,103
New Orleans Pelicans,Boston Celtics,100,108
Houston Rockets,Brooklyn Nets,113,99
Orlando Magic,Chicago Bulls,121,114
Detroit Pistons,Toronto Raptors,114,111
Minnesota Timberwolves,Indiana Pacers,110,101
Miami Heat,Los Angeles Lakers,78,75
Atlanta Hawks,Philadelphia 76ers,105,87
Cleveland Cavaliers,Phoenix Suns,100,107
Dallas Mavericks,Sacramento Kings,108,104
Golden State Warriors,Utah Jazz,116,105
San Antonio Spurs,Washington Wizards,93,101
Atlanta Hawks,Boston Celtics,105,91
Memphis Grizzlies,Brooklyn Nets,103,92
Washington Wizards,Chicago Bulls,105,99
San Antonio Spurs,Charlotte Hornets,98,93
Dallas Mavericks,Denver Nuggets,107,114
New Orleans Pelicans,Detroit Pistons,105,94
Miami Heat,Golden State Warriors,89,104
Houston Rockets,Orlando Magic,113,120
Los Angeles Clippers,Portland Trail Blazers,100,94
Philadelphia 76ers,Toronto Raptors,84,100
Oklahoma City Thunder,Houston Rockets,101,112
Cleveland Cavaliers,Los Angeles Lakers,109,102
New York Knicks,Milwaukee Bucks,79,95
Chicago Bulls,Boston Celtics,119,103
Denver Nuggets,Dallas Mavericks,89,97
Detroit Pistons,Indiana Pacers,98,96
Cleveland Cavaliers,Los Angeles Clippers,126,121
Golden State Warriors,Oklahoma City Thunder,115,127
Memphis Grizzlies,Orlando Magic,106,96
New Orleans Pelicans,Philadelphia 76ers,81,96
Minnesota Timberwolves,Phoenix Suns,99,110
Miami Heat,Sacramento Kings,95,83
Portland Trail Blazers,San Antonio Spurs,96,110
Atlanta Hawks,Toronto Raptors,110,89
Los Angeles Lakers,Utah Jazz,85,94
Brooklyn Nets,Washington Wizards,102,80
Washington Wizards,Brooklyn Nets,99,90
Atlanta Hawks,Chicago Bulls,107,99
Indiana Pacers,Charlotte Hornets,71,80
Minnesota Timberwolves,Denver Nuggets,113,105
Philadelphia 76ers,Detroit Pistons,89,107
Golden State Warriors,Houston Rockets,131,106
Portland Trail Blazers,Memphis Grizzlies,98,102
Los Angeles Clippers,Sacramento Kings,117,108
Oklahoma City Thunder,Orlando Magic,127,99
Utah Jazz,San Antonio Spurs,69,89
New Orleans Pelicans,Toronto Raptors,95,93
Detroit Pistons,Atlanta Hawks,82,93
Minnesota Timberwolves,Charlotte Hornets,80,105
Chicago Bulls,Cleveland Cavaliers,94,108
Denver Nuggets,Golden State Warriors,79,122
Indiana Pacers,Houston Rockets,98,110
Boston Celtics,Los Angeles Clippers,93,102
Dallas Mavericks,Memphis Grizzlies,103,95
Toronto Raptors,Milwaukee Bucks,92,89
New Orleans Pelicans,New York Knicks,92,99
Los Angeles Lakers,Phoenix Suns,100,115
Sacramento Kings,Portland Trail Blazers,94,98
Philadelphia 76ers,Washington Wizards,76,111
San Antonio Spurs,Denver Nuggets,109,99
Oklahoma City Thunder,Miami Heat,94,86
Indiana Pacers,Atlanta Hawks,91,110
Miami Heat,Charlotte Hornets,76,78
Utah Jazz,Cleveland Cavaliers,92,106
Orlando Magic,Detroit Pistons,118,128
Houston Rockets,Golden State Warriors,113,126
Toronto Raptors,Memphis Grizzlies,86,92
Dallas Mavericks,Minnesota Timberwolves,98,75
Los Angeles Lakers,New Orleans Pelicans,80,96
New York Knicks,Philadelphia 76ers,98,91
Portland Trail Blazers,Phoenix Suns,113,118
Brooklyn Nets,Sacramento Kings,103,100
Oklahoma City Thunder,Washington Wizards,105,103
San Antonio Spurs,Chicago Bulls,81,104
Brooklyn Nets,Los Angeles Clippers,84,123
Utah Jazz,Milwaukee Bucks,101,99
Boston Celtics,Portland Trail Blazers,90,89
Oklahoma City Thunder,Atlanta Hawks,93,103
Charlotte Hornets,Cleveland Cavaliers,90,129
Chicago Bulls,Dallas Mavericks,102,98
Boston Celtics,Denver Nuggets,100,99
Sacramento Kings,Golden State Warriors,101,126
Indiana Pacers,Miami Heat,87,89
New Orleans Pelicans,Minnesota Timberwolves,92,84
Orlando Magic,New York Knicks,106,113
Toronto Raptors,Philadelphia 76ers,91,86
Houston Rockets,Phoenix Suns,113,111
Los Angeles Lakers,San Antonio Spurs,85,99
New York Knicks,Charlotte Hornets,71,76
Philadelphia 76ers,Memphis Grizzlies,83,101
Detroit Pistons,Milwaukee Bucks,86,101
Washington Wizards,Portland Trail Blazers,96,103
Brooklyn Nets,Utah Jazz,73,108
Minnesota Timberwolves,Atlanta Hawks,100,112
Miami Heat,Chicago Bulls,96,84
Oklahoma City Thunder,Cleveland Cavaliers,98,108
Washington Wizards,Denver Nuggets,117,115
Boston Celtics,Golden State Warriors,111,114
Houston Rockets,Los Angeles Lakers,99,87
Dallas Mavericks,New Orleans Pelicans,106,109
Indiana Pacers,Orlando Magic,106,99
Los Angeles Clippers,Phoenix Suns,120,100
Milwaukee Bucks,San Antonio Spurs,95,101
Detroit Pistons,Toronto Raptors,110,114
Denver Nuggets,Los Angeles Clippers,98,102
Orlando Magic,Memphis Grizzlies,94,103
Philadelphia 76ers,New Orleans Pelicans,74,99
Minnesota Timberwolves,Oklahoma City Thunder,84,92
Boston Celtics,Utah Jazz,99,90
Memphis Grizzlies,Dallas Mavericks,109,90
Cleveland Cavaliers,Detroit Pistons,103,95
Chicago Bulls,Golden State Warriors,113,111
Toronto Raptors,Indiana Pacers,104,91
Washington Wizards,Los Angeles Lakers,98,92
Milwaukee Bucks,Miami Heat,109,102
Brooklyn Nets,Atlanta Hawks,102,113
Portland Trail Blazers,Cleveland Cavaliers,94,99
Dallas Mavericks,Houston Rockets,94,99
Boston Celtics,Minnesota Timberwolves,98,110
Denver Nuggets,New Orleans Pelicans,93,85
Oklahoma City Thunder,New York Knicks,92,100
Detroit Pistons,Philadelphia 76ers,69,89
Washington Wizards,Phoenix Suns,98,106
Charlotte Hornets,San Antonio Spurs,86,95
Sacramento Kings,Toronto Raptors,102,119
Los Angeles Clippers,Utah Jazz,94,89
New York Knicks,Indiana Pacers,82,103
Chicago Bulls,Los Angeles Lakers,118,123
Denver Nuggets,Memphis Grizzlies,69,99
Milwaukee Bucks,Orlando Magic,115,100
Portland Trail Blazers,Atlanta Hawks,99,105
Houston Rockets,Boston Celtics,93,87
Toronto Raptors,Brooklyn Nets,127,122
Sacramento Kings,Cleveland Cavaliers,90,101
Dallas Mavericks,Miami Heat,93,72
Los Angeles Clippers,New Orleans Pelicans,103,108
Minnesota Timberwolves,Philadelphia 76ers,94,103
Chicago Bulls,Phoenix Suns,93,99
Golden State Warriors,Utah Jazz,100,110
Philadelphia 76ers,Atlanta Hawks,85,91
Charlotte Hornets,Denver Nuggets,104,86
Houston Rockets,Detroit Pistons,101,114
Phoenix Suns,Golden State Warriors,87,106
Sacramento Kings,Indiana Pacers,99,94
Oklahoma City Thunder,Memphis Grizzlies,74,85
Portland Trail Blazers,Milwaukee Bucks,88,95
Cleveland Cavaliers,Minnesota Timberwolves,106,90
Dallas Mavericks,Orlando Magic,108,93
Los Angeles Clippers,San Antonio Spurs,105,85
Toronto Raptors,Washington Wizards,120,116
Miami Heat,Boston Celtics,83,75
Los Angeles Lakers,New York Knicks,80,92
Los Angeles Clippers,Brooklyn Nets,100,102
Philadelphia 76ers,Cleveland Cavaliers,84,97
Minnesota Timberwolves,Dallas Mavericks,94,100
Atlanta Hawks,New Orleans Pelicans,100,115
Orlando Magic,Oklahoma City Thunder,97,104
Memphis Grizzlies,Phoenix Suns,102,101
Milwaukee Bucks,Toronto Raptors,82,75
Charlotte Hornets,Washington Wizards,92,88
Miami Heat,Detroit Pistons,91,108
Boston Celtics,New York Knicks,108,97
Denver Nuggets,Philadelphia 76ers,98,105
Utah Jazz,Portland Trail Blazers,102,103
Golden State Warriors,Sacramento Kings,121,96
Washington Wizards,Atlanta Hawks,96,105
Denver Nuggets,Boston Celtics,100,104
Dallas Mavericks,Golden State Warriors,114,128
Chicago Bulls,Houston Rockets,90,101
Detroit Pistons,Indiana Pacers,109,114
Los Angeles Lakers,Milwaukee Bucks,105,113
Miami Heat,Minnesota Timberwolves,101,102
Oklahoma City Thunder,New Orleans Pelicans,102,91
Orlando Magic,San Antonio Spurs,103,110
Brooklyn Nets,Toronto Raptors,109,93
Memphis Grizzlies,Utah Jazz,100,90
Washington Wizards,Charlotte Hornets,87,94
Los Angeles Clippers,Cleveland Cavaliers,94,105
Phoenix Suns,Portland Trail Blazers,87,108
Dallas Mavericks,Sacramento Kings,101,78
Golden State Warriors,Atlanta Hawks,116,124
Philadelphia 76ers,Boston Celtics,96,107
New York Knicks,Brooklyn Nets,88,92
Denver Nuggets,Detroit Pistons,88,98
Milwaukee Bucks,Houston Rockets,111,117
Cleveland Cavaliers,Indiana Pacers,99,103
Memphis Grizzlies,Minnesota Timberwolves,89,90
New Orleans Pelicans,Oklahoma City Thunder,116,113
Los Angeles Lakers,Orlando Magic,97,103
Utah Jazz,Phoenix Suns,93,100
Miami Heat,San Antonio Spurs,85,98
Los Angeles Clippers,Toronto Raptors,107,123
Portland Trail Blazers,Dallas Mavericks,101,111
Boston Celtics,Milwaukee Bucks,93,96
Chicago Bulls,New Orleans Pelicans,107,72
Golden State Warriors,New York Knicks,106,92
Charlotte Hornets,Philadelphia 76ers,81,89
Sacramento Kings,Utah Jazz,90,102
Brooklyn Nets,Washington Wizards,77,114
Indiana Pacers,Charlotte Hornets,103,102
Los Angeles Lakers,Cleveland Cavaliers,105,120
Minnesota Timberwolves,Detroit Pistons,112,101
Portland Trail Blazers,Houston Rockets,109,98
Atlanta Hawks,Memphis Grizzlies,88,94
Los Angeles Clippers,Oklahoma City Thunder,108,131
Chicago Bulls,Orlando Magic,98,97
Phoenix Suns,Sacramento Kings,83,85
San Antonio Spurs,Toronto Raptors,82,87
Los Angeles Clippers,Dallas Mavericks,115,98
Oklahoma City Thunder,Denver Nuggets,124,114
San Antonio Spurs,Indiana Pacers,95,93
New York Knicks,Miami Heat,95,109
Brooklyn Nets,Milwaukee Bucks,97,103
Atlanta Hawks,Minnesota Timberwolves,117,105
Utah Jazz,New Orleans Pelicans,100,96
Golden State Warriors,Philadelphia 76ers,89,84
Orlando Magic,Washington Wizards,80,96
Sacramento Kings,Chicago Bulls,86,104
Detroit Pistons,Charlotte Hornets,106,78
Denver Nuggets,Los Angeles Lakers,106,96
Brooklyn Nets,Memphis Grizzlies,86,95
Houston Rockets,Phoenix Suns,127,118
Atlanta Hawks,Boston Celtics,88,89
Miami Heat,Cleveland Cavaliers,93,113
Utah Jazz,Dallas Mavericks,82,87
San Antonio Spurs,Detroit Pistons,104,87
Houston Rockets,Los Angeles Clippers,95,110
Sacramento Kings,Milwaukee Bucks,103,111
Golden State Warriors,Minnesota Timberwolves,94,91
Indiana Pacers,New Orleans Pelicans,106,93
Memphis Grizzlies,Oklahoma City Thunder,89,105
New York Knicks,Orlando Magic,83,89
Los Angeles Lakers,Portland Trail Blazers,86,102
Washington Wizards,Toronto Raptors,93,95
Cleveland Cavaliers,Chicago Bulls,98,113
San Antonio Spurs,Los Angeles Clippers,115,119
Dallas Mavericks,Oklahoma City Thunder,89,104
Toronto Raptors,Atlanta Hawks,105,80
Houston Rockets,Dallas Mavericks,100,111
Chicago Bulls,Detroit Pistons,91,100
San Antonio Spurs,Golden State Warriors,99,110
Brooklyn Nets,Los Angeles Lakers,114,105
Denver Nuggets,Milwaukee Bucks,81,89
Phoenix Suns,Minnesota Timberwolves,109,111
Miami Heat,New York Knicks,111,87
New Orleans Pelicans,Orlando Magic,84,95
Indiana Pacers,Philadelphia 76ers,106,95
Boston Celtics,Sacramento Kings,101,109
Portland Trail Blazers,Utah Jazz,76,92
Cleveland Cavaliers,Washington Wizards,127,89
Phoenix Suns,Chicago Bulls,107,112
Oklahoma City Thunder,Charlotte Hornets,110,103
Toronto Raptors,Houston Rockets,76,98
Sacramento Kings,Los Angeles Clippers,99,126
New Orleans Pelicans,Miami Heat,105,91
Charlotte Hornets,Dallas Mavericks,81,92
Washington Wizards,Detroit Pistons,89,106
Golden State Warriors,Indiana Pacers,98,104
Boston Celtics,Los Angeles Lakers,111,118
Atlanta Hawks,Milwaukee Bucks,97,86
Cleveland Cavaliers,New York Knicks,101,83
Denver Nuggets,Oklahoma City Thunder,94,119
Philadelphia 76ers,Orlando Magic,98,103
Memphis Grizzlies,Portland Trail Blazers,98,92
Milwaukee Bucks,Chicago Bulls,71,87
Brooklyn Nets,Denver Nuggets,110,82
Minnesota Timberwolves,Houston Rockets,102,113
Memphis Grizzlies,Los Angeles Clippers,90,87
Philadelphia 76ers,Miami Heat,108,119
Toronto Raptors,New Orleans Pelicans,97,100
Boston Celtics,Phoenix Suns,115,110
San Antonio Spurs,Utah Jazz,81,90
Toronto Raptors,Dallas Mavericks,92,99
Cleveland Cavaliers,Detroit Pistons,102,93
Indiana Pacers,Oklahoma City Thunder,92,105
Golden State Warriors,Washington Wizards,114,107
Dallas Mavericks,Atlanta Hawks,87,104
New York Knicks,Boston Celtics,94,115
Charlotte Hornets,Chicago Bulls,98,86
Phoenix Suns,Denver Nuggets,110,96
Los Angeles Clippers,Houston Rockets,105,110
Philadelphia 76ers,Milwaukee Bucks,88,104
Washington Wizards,Minnesota Timberwolves,77,97
Brooklyn Nets,New Orleans Pelicans,96,102
Miami Heat,Orlando Magic,93,90
San Antonio Spurs,Portland Trail Blazers,95,111
Memphis Grizzlies,Sacramento Kings,90,102
Los Angeles Lakers,Utah Jazz,100,97
Golden State Warriors,Cleveland Cavaliers,99,110
Oklahoma City Thunder,Phoenix Suns,113,117
Orlando Magic,Atlanta Hawks,88,95
Charlotte Hornets,Boston Celtics,98,106
Minnesota Timberwolves,Chicago Bulls,89,96
Utah Jazz,Denver Nuggets,104,82
New York Knicks,Detroit Pistons,121,115
Brooklyn Nets,Houston Rockets,98,102
Cleveland Cavaliers,Indiana Pacers,86,93
Milwaukee Bucks,Los Angeles Lakers,93,101
Los Angeles Clippers,Memphis Grizzlies,97,79
Miami Heat,New Orleans Pelicans,102,104
Washington Wizards,Philadelphia 76ers,81,89
Oklahoma City Thunder,Portland Trail Blazers,112,115
San Antonio Spurs,Sacramento Kings,107,96
Golden State Warriors,Toronto Raptors,113,89
Brooklyn Nets,Dallas Mavericks,104,94
Atlanta Hawks,Miami Heat,93,91
Memphis Grizzlies,Minnesota Timberwolves,101,97
Toronto Raptors,New York Knicks,98,103
San Antonio Spurs,Phoenix Suns,101,74
Milwaukee Bucks,Utah Jazz,75,82
Detroit Pistons,Washington Wizards,95,99
Golden State Warriors,Boston Celtics,106,101
Los Angeles Clippers,Chicago Bulls,96,86
New Orleans Pelicans,Denver Nuggets,99,92
Cleveland Cavaliers,Houston Rockets,103,105
Philadelphia 76ers,Indiana Pacers,74,94
Oklahoma City Thunder,Los Angeles Lakers,108,101
Charlotte Hornets,Orlando Magic,98,83
Portland Trail Blazers,Sacramento Kings,110,99
Golden State Warriors,Brooklyn Nets,108,110
New Orleans Pelicans,Dallas Mavericks,93,102
Phoenix Suns,Miami Heat,98,115
Los Angeles Clippers,Minnesota Timberwolves,110,105
Toronto Raptors,Philadelphia 76ers,114,103
Houston Rockets,Atlanta Hawks,96,104
Washington Wizards,Chicago Bulls,92,97
Los Angeles Lakers,Charlotte Hornets,103,104
Boston Celtics,Cleveland Cavaliers,79,110
Milwaukee Bucks,Denver Nuggets,95,106
Utah Jazz,Memphis Grizzlies,93,82
Sacramento Kings,New York Knicks,124,86
Utah Jazz,Boston Celtics,84,85
Charlotte Hornets,Brooklyn Nets,115,91
Milwaukee Bucks,Golden State Warriors,93,102
Memphis Grizzlies,Houston Rockets,102,100
New York Knicks,Indiana Pacers,82,105
Portland Trail Blazers,Los Angeles Clippers,98,93
Los Angeles Lakers,Miami Heat,94,100
Denver Nuggets,Minnesota Timberwolves,100,85
Detroit Pistons,New Orleans Pelicans,85,88
Philadelphia 76ers,Oklahoma City Thunder,118,123
Phoenix Suns,Orlando Magic,105,100
Sacramento Kings,San Antonio Spurs,85,112
Cleveland Cavaliers,Toronto Raptors,120,112
Oklahoma City Thunder,Chicago Bulls,105,108
Dallas Mavericks,Portland Trail Blazers,75,94
Cleveland Cavaliers,Atlanta Hawks,97,106
Phoenix Suns,Brooklyn Nets,108,100
Toronto Raptors,Charlotte Hornets,94,103
Dallas Mavericks,Golden State Warriors,89,104
Detroit Pistons,Houston Rockets,93,103
Chicago Bulls,Indiana Pacers,84,98
Los Angeles Lakers,Memphis Grizzlies,90,97
Boston Celtics,New Orleans Pelicans,104,98
Sacramento Kings,Orlando Magic,114,119
Utah Jazz,Philadelphia 76ers,89,83
Denver Nuggets,San Antonio Spurs,111,120
Miami Heat,Washington Wizards,97,99
Phoenix Suns,Cleveland Cavaliers,79,89
Houston Rockets,Denver Nuggets,114,100
Sacramento Kings,Miami Heat,109,114
Washington Wizards,Milwaukee Bucks,85,91
Portland Trail Blazers,Minnesota Timberwolves,113,121
Memphis Grizzlies,New Orleans Pelicans,89,95
Indiana Pacers,New York Knicks,92,86
Atlanta Hawks,Philadelphia 76ers,84,92
Utah Jazz,Brooklyn Nets,95,88
Charlotte Hornets,Detroit Pistons,108,101
Los Angeles Clippers,Golden State Warriors,98,106
Dallas Mavericks,Los Angeles Lakers,100,93
Toronto Raptors,Oklahoma City Thunder,104,108
Boston Celtics,Orlando Magic,98,103
Chicago Bulls,San Antonio Spurs,105,116
Sacramento Kings,Atlanta Hawks,105,130
Memphis Grizzlies,Chicago Bulls,101,91
Washington Wizards,Charlotte Hornets,95,69
New York Knicks,Denver Nuggets,78,106
Minnesota Timberwolves,Los Angeles Clippers,76,89
Boston Celtics,Miami Heat,100,90
New Orleans Pelicans,Milwaukee Bucks,114,103
Golden State Warriors,Phoenix Suns,98,80
New Orleans Pelicans,Brooklyn Nets,111,91
Cleveland Cavaliers,Dallas Mavericks,127,94
Orlando Magic,Indiana Pacers,86,118
Detroit Pistons,Los Angeles Lakers,85,93
Toronto Raptors,San Antonio Spurs,107,117
New York Knicks,Utah Jazz,82,87
Memphis Grizzlies,Boston Celtics,92,95
Sacramento Kings,Charlotte Hornets,113,106
Atlanta Hawks,Denver Nuggets,102,115
Detroit Pistons,Golden State Warriors,98,105
Brooklyn Nets,Miami Heat,98,104
Orlando Magic,Milwaukee Bucks,91,97
Los Angeles Clippers,Oklahoma City Thunder,120,108
Chicago Bulls,Philadelphia 76ers,104,95
Minnesota Timberwolves,Phoenix Suns,97,106
Houston Rockets,Portland Trail Blazers,100,105
Milwaukee Bucks,Indiana Pacers,103,109
New York Knicks,Los Angeles Lakers,101,94
Cleveland Cavaliers,San Antonio Spurs,128,125
Houston Rockets,Utah Jazz,91,109
Memphis Grizzlies,Washington Wizards,87,107
Orlando Magic,Boston Celtics,88,95
Chicago Bulls,Charlotte Hornets,91,101
Los Angeles Clippers,Dallas Mavericks,99,129
Golden State Warriors,Denver Nuggets,103,114
Minnesota Timberwolves,Oklahoma City Thunder,99,113
Sacramento Kings,Philadelphia 76ers,107,114
Atlanta Hawks,Phoenix Suns,96,87
Detroit Pistons,Portland Trail Blazers,99,118
Miami Heat,Toronto Raptors,92,102
New York Knicks,Golden State Warriors,94,125
Boston Celtics,Indiana Pacers,93,89
Milwaukee Bucks,Memphis Grizzlies,83,96
Brooklyn Nets,Philadelphia 76ers,94,87
Detroit Pistons,Utah Jazz,85,88
Sacramento Kings,Washington Wizards,97,113
Houston Rockets,Los Angeles Clippers,100,98
Atlanta Hawks,Los Angeles Lakers,91,86
Denver Nuggets,New Orleans Pelicans,118,111
Chicago Bulls,Oklahoma City Thunder,100,109
Cleveland Cavaliers,Orlando Magic,123,108
New York Knicks,Phoenix Suns,89,102
Minnesota Timberwolves,San Antonio Spurs,97,123
Portland Trail Blazers,Toronto Raptors,113,97
Philadelphia 76ers,Boston Celtics,89,108
Oklahoma City Thunder,Dallas Mavericks,115,119
Los Angeles Lakers,Golden State Warriors,105,108
Toronto Raptors,Indiana Pacers,117,98
Denver Nuggets,Memphis Grizzlies,81,92
Cleveland Cavaliers,Miami Heat,92,106
Brooklyn Nets,Minnesota Timberwolves,122,106
Atlanta Hawks,Sacramento Kings,110,103
Charlotte Hornets,Utah Jazz,66,94
Portland Trail Blazers,Washington Wizards,97,105
Memphis Grizzlies,Detroit Pistons,95,105
Orlando Magic,Houston Rockets,94,107
Charlotte Hornets,Los Angeles Clippers,92,99
Milwaukee Bucks,New Orleans Pelicans,84,85
San Antonio Spurs,New York Knicks,100,104
Indiana Pacers,Chicago Bulls,86,103
Brooklyn Nets,Cleveland Cavaliers,92,117
Orlando Magic,Dallas Mavericks,102,107
Atlanta Hawks,Golden State Warriors,95,114
Portland Trail Blazers,Miami Heat,104,108
San Antonio Spurs,Milwaukee Bucks,114,103
Boston Celtics,Oklahoma City Thunder,118,122
Detroit Pistons,Philadelphia 76ers,83,94
Los Angeles Clippers,Sacramento Kings,116,105
Minnesota Timberwolves,Toronto Raptors,100,105
Washington Wizards,Utah Jazz,88,84
Denver Nuggets,Houston Rockets,108,118
Utah Jazz,Los Angeles Lakers,80,73
Minnesota Timberwolves,New York Knicks,95,92
New Orleans Pelicans,Phoenix Suns,72,74
Milwaukee Bucks,Brooklyn Nets,127,129
Toronto Raptors,Chicago Bulls,92,108
Indiana Pacers,Cleveland Cavaliers,92,95
Memphis Grizzlies,Dallas Mavericks,112,101
New Orleans Pelicans,Golden State Warriors,96,112
Washington Wizards,Los Angeles Clippers,99,113
Denver Nuggets,Miami Heat,91,108
Atlanta Hawks,Oklahoma City Thunder,115,123
Portland Trail Blazers,Orlando Magic,104,111
New York Knicks,Philadelphia 76ers,81,97
Charlotte Hornets,Sacramento Kings,91,101
Boston Celtics,San Antonio Spurs,89,101
Chicago Bulls,Detroit Pistons,91,107
Utah Jazz,Golden State Warriors,91,106
Phoenix Suns,Houston Rockets,117,102
Brooklyn Nets,Indiana Pacers,123,111
Portland Trail Blazers,Memphis Grizzlies,86,97
San Antonio Spurs,Atlanta Hawks,114,95
Detroit Pistons,Boston Celtics,105,97
New Orleans Pelicans,Los Angeles Clippers,100,107
Philadelphia 76ers,Los Angeles Lakers,87,101
Cleveland Cavaliers,Milwaukee Bucks,108,90
Charlotte Hornets,Minnesota Timberwolves,109,98
Miami Heat,Oklahoma City Thunder,75,93
Denver Nuggets,Orlando Magic,119,100
Dallas Mavericks,Phoenix Suns,92,98
Washington Wizards,Sacramento Kings,86,109
New York Knicks,Toronto Raptors,89,106
Boston Celtics,Brooklyn Nets,110,91
Charlotte Hornets,Chicago Bulls,86,98
Washington Wizards,Golden State Warriors,76,107
Houston Rockets,Indiana Pacers,110,100
Memphis Grizzlies,New York Knicks,103,82
Minnesota Timberwolves,Utah Jazz,106,104
San Antonio Spurs,Dallas Mavericks,94,101
Toronto Raptors,Detroit Pistons,104,108
Miami Heat,Milwaukee Bucks,88,89
Los Angeles Lakers,Oklahoma City Thunder,117,127
Golden State Warriors,Portland Trail Blazers,122,108
Philadelphia 76ers,Sacramento Kings,106,107
Miami Heat,Boston Celtics,93,86
Brooklyn Nets,Charlotte Hornets,91,88
Philadelphia 76ers,Denver Nuggets,99,85
Cleveland Cavaliers,Memphis Grizzlies,111,89
Los Angeles Lakers,Minnesota Timberwolves,101,99
Houston Rockets,New Orleans Pelicans,95,93
Los Angeles Clippers,New York Knicks,111,80
Atlanta Hawks,Orlando Magic,95,83
Sacramento Kings,Phoenix Suns,108,99
Oklahoma City Thunder,San Antonio Spurs,91,130
Chicago Bulls,Toronto Raptors,116,103
Portland Trail Blazers,Utah Jazz,92,89
Indiana Pacers,Washington Wizards,103,101
Indiana Pacers,Milwaukee Bucks,107,111
Miami Heat,Atlanta Hawks,86,99
Cleveland Cavaliers,Brooklyn Nets,98,106
Utah Jazz,Denver Nuggets,91,107
Minnesota Timberwolves,Houston Rockets,110,120
Golden State Warriors,Memphis Grizzlies,107,84
Sacramento Kings,New Orleans Pelicans,88,102
Boston Celtics,New York Knicks,96,92
Detroit Pistons,Orlando Magic,111,97
Los Angeles Clippers,Philadelphia 76ers,119,98
Portland Trail Blazers,Phoenix Suns,87,81
Dallas Mavericks,San Antonio Spurs,76,94
Los Angeles Lakers,Toronto Raptors,83,94
Charlotte Hornets,Washington Wizards,107,110
New York Knicks,Chicago Bulls,80,111
Atlanta Hawks,Charlotte Hornets,100,115
Golden State Warriors,Milwaukee Bucks,108,95
Denver Nuggets,Portland Trail Blazers,114,120
Oklahoma City Thunder,Utah Jazz,89,94
Los Angeles Clippers,Boston Celtics,119,106
Los Angeles Lakers,Brooklyn Nets,99,107
Philadelphia 76ers,Cleveland Cavaliers,86,87
Dallas Mavericks,Indiana Pacers,99,104
Detroit Pistons,Miami Heat,102,109
Minnesota Timberwolves,New Orleans Pelicans,88,110
Oklahoma City Thunder,Phoenix Suns,109,97
Memphis Grizzlies,San Antonio Spurs,89,103
Houston Rockets,Washington Wizards,99,91
Milwaukee Bucks,Atlanta Hawks,88,101
Boston Celtics,Charlotte Hornets,116,104
Sacramento Kings,Memphis Grizzlies,83,97
Utah Jazz,Minnesota Timberwolves,104,84
Los Angeles Lakers,Philadelphia 76ers,113,111
Phoenix Suns,Portland Trail Blazers,86,109
Houston Rockets,Toronto Raptors,96,99
Indiana Pacers,Brooklyn Nets,106,111
Atlanta Hawks,Detroit Pistons,95,105
Golden State Warriors,Los Angeles Clippers,110,106
San Antonio Spurs,Miami Heat,95,81
Indiana Pacers,Boston Celtics,87,100
Detroit Pistons,Charlotte Hornets,78,102
Sacramento Kings,Houston Rockets,111,115
New Orleans Pelicans,Los Angeles Lakers,113,92
Chicago Bulls,Milwaukee Bucks,91,95
Toronto Raptors,Minnesota Timberwolves,113,99
Brooklyn Nets,New York Knicks,100,98
Dallas Mavericks,Oklahoma City Thunder,135,131
San Antonio Spurs,Orlando Magic,103,91
Los Angeles Clippers,Portland Trail Blazers,126,122
Denver Nuggets,Utah Jazz,84,98
Philadelphia 76ers,Washington Wizards,93,106
Miami Heat,Cleveland Cavaliers,88,114
Houston Rockets,Dallas Mavericks,108,101
Phoenix Suns,Golden State Warriors,106,107
Milwaukee Bucks,Boston Celtics,110,101
Toronto Raptors,Brooklyn Nets,109,114
Detroit Pistons,Chicago Bulls,82,88
Charlotte Hornets,Indiana Pacers,74,93
Portland Trail Blazers,Los Angeles Lakers,107,77
Oklahoma City Thunder,Memphis Grizzlies,92,100
Orlando Magic,Minnesota Timberwolves,97,84
New Orleans Pelicans,Sacramento Kings,101,95
Denver Nuggets,San Antonio Spurs,93,123
New York Knicks,Washington Wizards,87,101
Brooklyn Nets,Atlanta Hawks,99,131
Philadelphia 76ers,Charlotte Hornets,91,92
Golden State Warriors,Dallas Mavericks,123,110
Los Angeles Clippers,Denver Nuggets,107,92
Miami Heat,Detroit Pistons,98,99
Washington Wizards,Memphis Grizzlies,92,83
Orlando Magic,Milwaukee Bucks,97,90
Utah Jazz,Phoenix Suns,85,87
New Orleans Pelicans,Portland Trail Blazers,90,99
Boston Celtics,Toronto Raptors,117,116
Chicago Bulls,Cleveland Cavaliers,94,99
Miami Heat,Indiana Pacers,89,112
Los Angeles Clippers,Los Angeles Lakers,106,78
Philadelphia 76ers,New York Knicks,91,101
Houston Rockets,Oklahoma City Thunder,115,112
Utah Jazz,Sacramento Kings,101,95
Golden State Warriors,San Antonio Spurs,92,107
Portland Trail Blazers,Brooklyn Nets,96,106
Phoenix Suns,Atlanta Hawks,69,96
Los Angeles Lakers,Los Angeles Clippers,100,105
Charlotte Hornets,Miami Heat,100,105
Golden State Warriors,New Orleans Pelicans,100,103
San Antonio Spurs,Oklahoma City Thunder,113,88
Minnesota Timberwolves,Sacramento Kings,111,116
Atlanta Hawks,Brooklyn Nets,114,111
Toronto Raptors,Charlotte Hornets,92,74
Phoenix Suns,Dallas Mavericks,104,107
Los Angeles Lakers,Denver Nuggets,101,119
Boston Celtics,Detroit Pistons,113,103
New Orleans Pelicans,Memphis Grizzlies,74,110
Cleveland Cavaliers,Milwaukee Bucks,104,99
Indiana Pacers,New York Knicks,102,86
Chicago Bulls,Orlando Magic,103,105
Washington Wizards,Philadelphia 76ers,119,90
Minnesota Timberwolves,Portland Trail Blazers,91,116
Houston Rockets,San Antonio Spurs,98,110
Sacramento Kings,Utah Jazz,91,103
Portland Trail Blazers,Golden State Warriors,105,116
Chicago Bulls,Miami Heat,89,78
Charlotte Hornets,Atlanta Hawks,80,104
Washington Wizards,Brooklyn Nets,80,117
Boston Celtics,Cleveland Cavaliers,99,90
Dallas Mavericks,Denver Nuggets,144,143
Indiana Pacers,Detroit Pistons,107,103
San Antonio Spurs,Houston Rockets,104,103
Minnesota Timberwolves,Los Angeles Lakers,98,106
Phoenix Suns,New Orleans Pelicans,75,90
Milwaukee Bucks,New York Knicks,99,91
Sacramento Kings,Oklahoma City Thunder,103,116
Toronto Raptors,Orlando Magic,101,99
Memphis Grizzlies,Utah Jazz,89,88
Philadelphia 76ers,Chicago Bulls,107,114
Minnesota Timberwolves,Golden State Warriors,101,110
Memphis Grizzlies,Los Angeles Clippers,86,94
Toronto Raptors,Miami Heat,107,104
New York Knicks,Orlando Magic,80,79
Utah Jazz,Portland Trail Blazers,111,105
Cleveland Cavaliers,Boston Celtics,78,117
Sacramento Kings,Denver Nuggets,111,122
Charlotte Hornets,Detroit Pistons,77,116
New Orleans Pelicans,Houston Rockets,114,121
Oklahoma City Thunder,Indiana Pacers,104,116
Dallas Mavericks,Los Angeles Lakers,120,106
Brooklyn Nets,Milwaukee Bucks,73,96
Phoenix Suns,San Antonio Spurs,91,107
Atlanta Hawks,Washington Wizards,99,108
New York Knicks,Atlanta Hawks,112,108
Chicago Bulls,Brooklyn Nets,113,86
Houston Rockets,Charlotte Hornets,100,90
Detroit Pistons,Cleveland Cavaliers,97,109
Memphis Grizzlies,Golden State Warriors,107,111
Denver Nuggets,Los Angeles Clippers,103,110
Orlando Magic,Miami Heat,93,100
New Orleans Pelicans,Minnesota Timberwolves,100,88
Portland Trail Blazers,Oklahoma City Thunder,90,101
Milwaukee Bucks,Philadelphia 76ers,107,97
Los Angeles Lakers,Sacramento Kings,92,102
Dallas Mavericks,Utah Jazz,92,109
Toronto Raptors,Boston Celtics,93,95
Washington Wizards,Indiana Pacers,95,99
Los Angeles Clippers,Phoenix Suns,112,101
Orlando Magic,Brooklyn Nets,88,101
Atlanta Hawks,Chicago Bulls,85,91
Washington Wizards,Cleveland Cavaliers,108,113
Portland Trail Blazers,Dallas Mavericks,98,114
Denver Nuggets,Golden State Warriors,126,133
Utah Jazz,Houston Rockets,91,117
Sacramento Kings,Los Angeles Lakers,122,99
Indiana Pacers,Memphis Grizzlies,83,95
Boston Celtics,Milwaukee Bucks,105,100
Oklahoma City Thunder,Minnesota Timberwolves,138,113
San Antonio Spurs,New Orleans Pelicans,103,108
Detroit Pistons,New York Knicks,112,90
Miami Heat,Philadelphia 76ers,105,101
Charlotte Hornets,Toronto Raptors,87,92